<Anims>
 <anim name="idle" root="neverfade_paper" numframes="100" framerate="40">
  <frame idx="0" w="90" h="602" x="25.500000" y="-172.779999">
   <element name="base" layername="base" frame="0" z_index="3" m_a="1.000000" m_b="0.000000" m_c="0.000000" m_d="1.000000" m_tx="-1.000000" m_ty="3.000000"/>
  </frame>
  <frame idx="25" w="90" h="602" x="25.500000" y="-172.779999">
   <element name="base" layername="base" frame="0" z_index="3" m_a="1.000000" m_b="0.000000" m_c="0.000000" m_d="1.000000" m_tx="-1.000000" m_ty="3.000000"/>
  </frame>
  <frame idx="50" w="90" h="602" x="25.500000" y="-172.779999">
   <element name="base" layername="base" frame="0" z_index="3" m_a="1.000000" m_b="0.000000" m_c="0.000000" m_d="1.000000" m_tx="-1.000000" m_ty="3.000000"/>
  </frame>
  <frame idx="75" w="90" h="602" x="25.500000" y="-172.779999">
   <element name="base" layername="base" frame="0" z_index="3" m_a="1.000000" m_b="0.000000" m_c="0.000000" m_d="1.000000" m_tx="-1.000000" m_ty="3.000000"/>
  </frame>
 </anim>
 <anim name="idle_broken" root="neverfade_paper" numframes="100" framerate="40">
  <frame idx="0" w="106" h="443" x="10.720001" y="-124.419983">
   <element name="base" layername="base" frame="1" z_index="3" m_a="1.000000" m_b="0.000000" m_c="0.000000" m_d="1.000000" m_tx="-2.000000" m_ty="3.000000"/>
  </frame>
  <frame idx="25" w="106" h="443" x="10.720001" y="-124.419983">
   <element name="base" layername="base" frame="1" z_index="3" m_a="1.000000" m_b="0.000000" m_c="0.000000" m_d="1.000000" m_tx="-2.000000" m_ty="3.000000"/>
  </frame>
  <frame idx="50" w="106" h="443" x="10.720001" y="-124.419983">
   <element name="base" layername="base" frame="1" z_index="3" m_a="1.000000" m_b="0.000000" m_c="0.000000" m_d="1.000000" m_tx="-2.000000" m_ty="3.000000"/>
  </frame>
  <frame idx="75" w="106" h="443" x="10.720001" y="-124.419983">
   <element name="base" layername="base" frame="1" z_index="3" m_a="1.000000" m_b="0.000000" m_c="0.000000" m_d="1.000000" m_tx="-2.000000" m_ty="3.000000"/>
  </frame>
 </anim>
 <anim name="idle_cover" root="neverfade_paper" numframes="100" framerate="40">
  <frame idx="0" w="124" h="662" x="12.902657" y="-191.341934">
   <element name="cover" layername="cover" frame="0" z_index="3" m_a="0.999848" m_b="-0.017452" m_c="0.017452" m_d="0.999848" m_tx="0.000000" m_ty="1.000000"/>
  </frame>
  <frame idx="25" w="124" h="662" x="12.902657" y="-191.341934">
   <element name="cover" layername="cover" frame="0" z_index="3" m_a="0.999848" m_b="-0.017452" m_c="0.017452" m_d="0.999848" m_tx="0.000000" m_ty="1.000000"/>
  </frame>
  <frame idx="50" w="124" h="662" x="12.902657" y="-191.341934">
   <element name="cover" layername="cover" frame="0" z_index="3" m_a="0.999848" m_b="-0.017452" m_c="0.017452" m_d="0.999848" m_tx="0.000000" m_ty="1.000000"/>
  </frame>
  <frame idx="75" w="124" h="662" x="12.902657" y="-191.341934">
   <element name="cover" layername="cover" frame="0" z_index="3" m_a="0.999848" m_b="-0.017452" m_c="0.017452" m_d="0.999848" m_tx="0.000000" m_ty="1.000000"/>
  </frame>
 </anim>
</Anims>
