<Anims>
 <anim name="idle" root="stage_whitewood" numframes="50" framerate="40">
  <frame idx="0" w="1270" h="1301" x="0.000000" y="-23.160034">
   <element name="boat_parts" layername="boat_parts" frame="0" z_index="4" m_a="1.000000" m_b="0.000000" m_c="0.000000" m_d="1.000000" m_tx="0.000000" m_ty="0.000000"/>
  </frame>
  <frame idx="25" w="1270" h="1301" x="0.000000" y="-23.160034">
   <element name="boat_parts" layername="boat_parts" frame="0" z_index="4" m_a="1.000000" m_b="0.000000" m_c="0.000000" m_d="1.000000" m_tx="0.000000" m_ty="0.000000"/>
  </frame>
 </anim>
 <anim name="lip" root="stage_whitewood" numframes="50" framerate="40">
  <frame idx="0" w="1329" h="469" x="-4.812012" y="267.000000">
   <element name="boat_lip" layername="boat_lip" frame="0" z_index="4" m_a="1.000000" m_b="0.000000" m_c="0.000000" m_d="1.000000" m_tx="0.000000" m_ty="267.000000"/>
  </frame>
  <frame idx="25" w="1329" h="469" x="-4.812012" y="267.000000">
   <element name="boat_lip" layername="boat_lip" frame="0" z_index="4" m_a="1.000000" m_b="0.000000" m_c="0.000000" m_d="1.000000" m_tx="0.000000" m_ty="267.000000"/>
  </frame>
 </anim>
 <anim name="test" root="stage_whitewood" numframes="50" framerate="40">
  <frame idx="0" w="1329" h="1142" x="-4.812012" y="-150.638916">
   <element name="boat_parts" layername="boat_parts" frame="0" z_index="3" m_a="1.000000" m_b="0.000000" m_c="0.000000" m_d="0.633957" m_tx="0.000000" m_ty="8.050000"/>
   <element name="boat_lip" layername="boat_lip" frame="0" z_index="4" m_a="1.000000" m_b="0.000000" m_c="0.000000" m_d="0.633957" m_tx="0.000000" m_ty="200.000000"/>
  </frame>
  <frame idx="25" w="1329" h="1142" x="-4.812012" y="-150.638916">
   <element name="boat_parts" layername="boat_parts" frame="0" z_index="3" m_a="1.000000" m_b="0.000000" m_c="0.000000" m_d="0.633957" m_tx="0.000000" m_ty="8.050000"/>
   <element name="boat_lip" layername="boat_lip" frame="0" z_index="4" m_a="1.000000" m_b="0.000000" m_c="0.000000" m_d="0.633957" m_tx="0.000000" m_ty="200.000000"/>
  </frame>
 </anim>
</Anims>
