<Anims>
 <anim name="idle_down" root="siving_feather_real" numframes="100" framerate="40">
  <frame idx="0" w="71" h="286" x="6.380003" y="-56.600075">
   <element name="base" layername="base" frame="0" z_index="13" m_a="1.200000" m_b="0.000000" m_c="0.000000" m_d="1.200000" m_tx="0.000000" m_ty="2.000000"/>
  </frame>
  <frame idx="25" w="71" h="286" x="6.380003" y="-56.600075">
   <element name="base" layername="base" frame="0" z_index="13" m_a="1.200000" m_b="0.000000" m_c="0.000000" m_d="1.200000" m_tx="0.000000" m_ty="2.000000"/>
  </frame>
  <frame idx="50" w="71" h="286" x="6.380003" y="-56.600075">
   <element name="base" layername="base" frame="0" z_index="13" m_a="1.200000" m_b="0.000000" m_c="0.000000" m_d="1.200000" m_tx="0.000000" m_ty="2.000000"/>
  </frame>
  <frame idx="75" w="71" h="286" x="6.380003" y="-56.600075">
   <element name="base" layername="base" frame="0" z_index="13" m_a="1.200000" m_b="0.000000" m_c="0.000000" m_d="1.200000" m_tx="0.000000" m_ty="2.000000"/>
  </frame>
 </anim>
 <anim name="idle_downleft" root="siving_feather_real" numframes="100" framerate="40">
  <frame idx="0" w="147" h="286" x="-63.220001" y="-56.600075">
   <element name="base" layername="base" frame="1" z_index="13" m_a="-1.200000" m_b="0.000000" m_c="0.000000" m_d="1.200000" m_tx="0.000000" m_ty="2.000000"/>
  </frame>
  <frame idx="25" w="147" h="286" x="-63.220001" y="-56.600075">
   <element name="base" layername="base" frame="1" z_index="13" m_a="-1.200000" m_b="0.000000" m_c="0.000000" m_d="1.200000" m_tx="0.000000" m_ty="2.000000"/>
  </frame>
  <frame idx="50" w="147" h="286" x="-63.220001" y="-56.600075">
   <element name="base" layername="base" frame="1" z_index="13" m_a="-1.200000" m_b="0.000000" m_c="0.000000" m_d="1.200000" m_tx="0.000000" m_ty="2.000000"/>
  </frame>
  <frame idx="75" w="147" h="286" x="-63.220001" y="-56.600075">
   <element name="base" layername="base" frame="1" z_index="13" m_a="-1.200000" m_b="0.000000" m_c="0.000000" m_d="1.200000" m_tx="0.000000" m_ty="2.000000"/>
  </frame>
 </anim>
 <anim name="idle_downright" root="siving_feather_real" numframes="100" framerate="40">
  <frame idx="0" w="71" h="286" x="6.380003" y="-56.600075">
   <element name="base" layername="base" frame="1" z_index="13" m_a="1.200000" m_b="0.000000" m_c="0.000000" m_d="1.200000" m_tx="0.000000" m_ty="2.000000"/>
  </frame>
  <frame idx="25" w="71" h="286" x="6.380003" y="-56.600075">
   <element name="base" layername="base" frame="1" z_index="13" m_a="1.200000" m_b="0.000000" m_c="0.000000" m_d="1.200000" m_tx="0.000000" m_ty="2.000000"/>
  </frame>
  <frame idx="50" w="71" h="286" x="6.380003" y="-56.600075">
   <element name="base" layername="base" frame="1" z_index="13" m_a="1.200000" m_b="0.000000" m_c="0.000000" m_d="1.200000" m_tx="0.000000" m_ty="2.000000"/>
  </frame>
  <frame idx="75" w="71" h="286" x="6.380003" y="-56.600075">
   <element name="base" layername="base" frame="1" z_index="13" m_a="1.200000" m_b="0.000000" m_c="0.000000" m_d="1.200000" m_tx="0.000000" m_ty="2.000000"/>
  </frame>
 </anim>
 <anim name="idle_left" root="siving_feather_real" numframes="100" framerate="40">
  <frame idx="0" w="71" h="286" x="6.380003" y="-56.600075">
   <element name="base" layername="base" frame="2" z_index="13" m_a="1.200000" m_b="0.000000" m_c="0.000000" m_d="1.200000" m_tx="0.000000" m_ty="2.000000"/>
  </frame>
  <frame idx="25" w="71" h="286" x="6.380003" y="-56.600075">
   <element name="base" layername="base" frame="2" z_index="13" m_a="1.200000" m_b="0.000000" m_c="0.000000" m_d="1.200000" m_tx="0.000000" m_ty="2.000000"/>
  </frame>
  <frame idx="50" w="71" h="286" x="6.380003" y="-56.600075">
   <element name="base" layername="base" frame="2" z_index="13" m_a="1.200000" m_b="0.000000" m_c="0.000000" m_d="1.200000" m_tx="0.000000" m_ty="2.000000"/>
  </frame>
  <frame idx="75" w="71" h="286" x="6.380003" y="-56.600075">
   <element name="base" layername="base" frame="2" z_index="13" m_a="1.200000" m_b="0.000000" m_c="0.000000" m_d="1.200000" m_tx="0.000000" m_ty="2.000000"/>
  </frame>
 </anim>
 <anim name="idle_right" root="siving_feather_real" numframes="100" framerate="40">
  <frame idx="0" w="147" h="286" x="-63.220001" y="-56.600075">
   <element name="base" layername="base" frame="2" z_index="13" m_a="-1.200000" m_b="0.000000" m_c="0.000000" m_d="1.200000" m_tx="0.000000" m_ty="2.000000"/>
  </frame>
  <frame idx="25" w="147" h="286" x="-63.220001" y="-56.600075">
   <element name="base" layername="base" frame="2" z_index="13" m_a="-1.200000" m_b="0.000000" m_c="0.000000" m_d="1.200000" m_tx="0.000000" m_ty="2.000000"/>
  </frame>
  <frame idx="50" w="147" h="286" x="-63.220001" y="-56.600075">
   <element name="base" layername="base" frame="2" z_index="13" m_a="-1.200000" m_b="0.000000" m_c="0.000000" m_d="1.200000" m_tx="0.000000" m_ty="2.000000"/>
  </frame>
  <frame idx="75" w="147" h="286" x="-63.220001" y="-56.600075">
   <element name="base" layername="base" frame="2" z_index="13" m_a="-1.200000" m_b="0.000000" m_c="0.000000" m_d="1.200000" m_tx="0.000000" m_ty="2.000000"/>
  </frame>
 </anim>
 <anim name="idle_up" root="siving_feather_real" numframes="100" framerate="40">
  <frame idx="0" w="147" h="286" x="-63.220001" y="-56.600075">
   <element name="base" layername="base" frame="0" z_index="13" m_a="-1.200000" m_b="0.000000" m_c="0.000000" m_d="1.200000" m_tx="0.000000" m_ty="2.000000"/>
  </frame>
  <frame idx="25" w="147" h="286" x="-63.220001" y="-56.600075">
   <element name="base" layername="base" frame="0" z_index="13" m_a="-1.200000" m_b="0.000000" m_c="0.000000" m_d="1.200000" m_tx="0.000000" m_ty="2.000000"/>
  </frame>
  <frame idx="50" w="147" h="286" x="-63.220001" y="-56.600075">
   <element name="base" layername="base" frame="0" z_index="13" m_a="-1.200000" m_b="0.000000" m_c="0.000000" m_d="1.200000" m_tx="0.000000" m_ty="2.000000"/>
  </frame>
  <frame idx="75" w="147" h="286" x="-63.220001" y="-56.600075">
   <element name="base" layername="base" frame="0" z_index="13" m_a="-1.200000" m_b="0.000000" m_c="0.000000" m_d="1.200000" m_tx="0.000000" m_ty="2.000000"/>
  </frame>
 </anim>
 <anim name="idle_upleft" root="siving_feather_real" numframes="100" framerate="40">
  <frame idx="0" w="71" h="286" x="6.380003" y="-56.600075">
   <element name="base" layername="base" frame="1" z_index="13" m_a="1.200000" m_b="0.000000" m_c="0.000000" m_d="1.200000" m_tx="0.000000" m_ty="2.000000"/>
  </frame>
  <frame idx="25" w="71" h="286" x="6.380003" y="-56.600075">
   <element name="base" layername="base" frame="1" z_index="13" m_a="1.200000" m_b="0.000000" m_c="0.000000" m_d="1.200000" m_tx="0.000000" m_ty="2.000000"/>
  </frame>
  <frame idx="50" w="71" h="286" x="6.380003" y="-56.600075">
   <element name="base" layername="base" frame="1" z_index="13" m_a="1.200000" m_b="0.000000" m_c="0.000000" m_d="1.200000" m_tx="0.000000" m_ty="2.000000"/>
  </frame>
  <frame idx="75" w="71" h="286" x="6.380003" y="-56.600075">
   <element name="base" layername="base" frame="1" z_index="13" m_a="1.200000" m_b="0.000000" m_c="0.000000" m_d="1.200000" m_tx="0.000000" m_ty="2.000000"/>
  </frame>
 </anim>
 <anim name="idle_upright" root="siving_feather_real" numframes="100" framerate="40">
  <frame idx="0" w="147" h="286" x="-63.220001" y="-56.600075">
   <element name="base" layername="base" frame="1" z_index="13" m_a="-1.200000" m_b="0.000000" m_c="0.000000" m_d="1.200000" m_tx="0.000000" m_ty="2.000000"/>
  </frame>
  <frame idx="25" w="147" h="286" x="-63.220001" y="-56.600075">
   <element name="base" layername="base" frame="1" z_index="13" m_a="-1.200000" m_b="0.000000" m_c="0.000000" m_d="1.200000" m_tx="0.000000" m_ty="2.000000"/>
  </frame>
  <frame idx="50" w="147" h="286" x="-63.220001" y="-56.600075">
   <element name="base" layername="base" frame="1" z_index="13" m_a="-1.200000" m_b="0.000000" m_c="0.000000" m_d="1.200000" m_tx="0.000000" m_ty="2.000000"/>
  </frame>
  <frame idx="75" w="147" h="286" x="-63.220001" y="-56.600075">
   <element name="base" layername="base" frame="1" z_index="13" m_a="-1.200000" m_b="0.000000" m_c="0.000000" m_d="1.200000" m_tx="0.000000" m_ty="2.000000"/>
  </frame>
 </anim>
 <anim name="item" root="siving_feather_real" numframes="100" framerate="40">
  <frame idx="0" w="64" h="268" x="0.580000" y="-73.500076">
   <element name="base" layername="base" frame="0" z_index="13" m_a="1.000000" m_b="0.000000" m_c="0.000000" m_d="1.000000" m_tx="0.000000" m_ty="2.000000"/>
  </frame>
  <frame idx="25" w="64" h="268" x="0.580000" y="-73.500076">
   <element name="base" layername="base" frame="0" z_index="13" m_a="1.000000" m_b="0.000000" m_c="0.000000" m_d="1.000000" m_tx="0.000000" m_ty="2.000000"/>
  </frame>
  <frame idx="50" w="64" h="268" x="0.580000" y="-73.500076">
   <element name="base" layername="base" frame="0" z_index="13" m_a="1.000000" m_b="0.000000" m_c="0.000000" m_d="1.000000" m_tx="0.000000" m_ty="2.000000"/>
  </frame>
  <frame idx="75" w="64" h="268" x="0.580000" y="-73.500076">
   <element name="base" layername="base" frame="0" z_index="13" m_a="1.000000" m_b="0.000000" m_c="0.000000" m_d="1.000000" m_tx="0.000000" m_ty="2.000000"/>
  </frame>
 </anim>
 <anim name="shoot" root="siving_feather_real" numframes="150" framerate="40">
  <frame idx="0" w="130" h="354" x="60.579998" y="-178.140015">
   <element name="shoot" layername="shoot" frame="0" z_index="13" m_a="-0.000000" m_b="-1.000000" m_c="1.000000" m_d="-0.000000" m_tx="0.000000" m_ty="0.000000"/>
   <element name="fx" layername="fx" frame="0" z_index="12" m_a="-0.000000" m_b="-0.100000" m_c="0.040680" m_d="-0.000000" m_tx="-4.704571" m_ty="0.000000"/>
  </frame>
  <frame idx="25" w="159" h="358" x="86.919388" y="-179.326660">
   <element name="shoot" layername="shoot" frame="0" z_index="13" m_a="-0.000000" m_b="-1.000000" m_c="1.000000" m_d="-0.000000" m_tx="0.000000" m_ty="0.000000"/>
   <element name="fx" layername="fx" frame="0" z_index="12" m_a="-0.000000" m_b="-0.167808" m_c="0.890411" m_d="-0.000000" m_tx="-3.734362" m_ty="0.000000"/>
  </frame>
  <frame idx="50" w="191" h="367" x="115.645432" y="-182.023560">
   <element name="shoot" layername="shoot" frame="0" z_index="13" m_a="-0.000000" m_b="-1.000000" m_c="1.000000" m_d="-0.000000" m_tx="0.000000" m_ty="0.000000"/>
   <element name="fx" layername="fx" frame="0" z_index="12" m_a="-0.000000" m_b="-0.321918" m_c="1.095890" m_d="-0.000000" m_tx="2.142372" m_ty="0.000000"/>
  </frame>
  <frame idx="75" w="223" h="376" x="144.371490" y="-184.720490">
   <element name="shoot" layername="shoot" frame="0" z_index="13" m_a="-0.000000" m_b="-1.000000" m_c="1.000000" m_d="-0.000000" m_tx="0.000000" m_ty="0.000000"/>
   <element name="fx" layername="fx" frame="0" z_index="12" m_a="-0.000000" m_b="-0.476027" m_c="1.301370" m_d="-0.000000" m_tx="8.019104" m_ty="0.000000"/>
  </frame>
  <frame idx="100" w="253" h="384" x="173.097519" y="-187.417419">
   <element name="shoot" layername="shoot" frame="0" z_index="13" m_a="-0.000000" m_b="-1.000000" m_c="1.000000" m_d="-0.000000" m_tx="0.000000" m_ty="0.000000"/>
   <element name="fx" layername="fx" frame="0" z_index="12" m_a="-0.000000" m_b="-0.630137" m_c="1.506849" m_d="-0.000000" m_tx="13.895840" m_ty="0.000000"/>
  </frame>
  <frame idx="125" w="285" h="393" x="201.823578" y="-190.114349">
   <element name="shoot" layername="shoot" frame="0" z_index="13" m_a="-0.000000" m_b="-1.000000" m_c="1.000000" m_d="-0.000000" m_tx="0.000000" m_ty="0.000000"/>
   <element name="fx" layername="fx" frame="0" z_index="12" m_a="-0.000000" m_b="-0.784247" m_c="1.712329" m_d="-0.000000" m_tx="19.772573" m_ty="0.000000"/>
  </frame>
 </anim>
 <anim name="shoot2" root="siving_feather_real" numframes="150" framerate="40">
  <frame idx="0" w="71" h="558" x="6.380003" y="-140.912735">
   <element name="shoot" layername="shoot" frame="0" z_index="13" m_a="1.200000" m_b="0.000000" m_c="0.000000" m_d="1.200000" m_tx="0.000000" m_ty="-65.000000"/>
   <element name="fx" layername="fx" frame="0" z_index="12" m_a="0.100000" m_b="0.000000" m_c="0.000000" m_d="0.100000" m_tx="0.000000" m_ty="-77.645477"/>
  </frame>
  <frame idx="25" w="71" h="553" x="6.380003" y="-139.405884">
   <element name="shoot" layername="shoot" frame="0" z_index="13" m_a="1.200000" m_b="0.000000" m_c="0.000000" m_d="1.200000" m_tx="0.000000" m_ty="-65.000000"/>
   <element name="fx" layername="fx" frame="0" z_index="12" m_a="0.182877" m_b="0.000000" m_c="0.000000" m_d="1.275342" m_tx="0.000000" m_ty="-74.631775"/>
  </frame>
  <frame idx="50" w="71" h="546" x="6.380003" y="-132.217270">
   <element name="shoot" layername="shoot" frame="0" z_index="13" m_a="1.200000" m_b="0.000000" m_c="0.000000" m_d="1.200000" m_tx="0.000000" m_ty="-65.000000"/>
   <element name="fx" layername="fx" frame="0" z_index="12" m_a="0.371233" m_b="0.000000" m_c="0.000000" m_d="1.446575" m_tx="0.000000" m_ty="-67.782463"/>
  </frame>
  <frame idx="75" w="71" h="561" x="6.380003" y="-103.878220">
   <element name="shoot" layername="shoot" frame="0" z_index="13" m_a="1.200000" m_b="0.000000" m_c="0.000000" m_d="1.200000" m_tx="0.000000" m_ty="-65.000000"/>
   <element name="fx" layername="fx" frame="0" z_index="12" m_a="0.559589" m_b="0.000000" m_c="0.000000" m_d="1.617808" m_tx="0.000000" m_ty="-60.933151"/>
  </frame>
  <frame idx="100" w="71" h="578" x="6.380003" y="-75.539185">
   <element name="shoot" layername="shoot" frame="0" z_index="13" m_a="1.200000" m_b="0.000000" m_c="0.000000" m_d="1.200000" m_tx="0.000000" m_ty="-65.000000"/>
   <element name="fx" layername="fx" frame="0" z_index="12" m_a="0.747945" m_b="0.000000" m_c="0.000000" m_d="1.789041" m_tx="0.000000" m_ty="-54.083836"/>
  </frame>
  <frame idx="125" w="71" h="594" x="6.380003" y="-47.200150">
   <element name="shoot" layername="shoot" frame="0" z_index="13" m_a="1.200000" m_b="0.000000" m_c="0.000000" m_d="1.200000" m_tx="0.000000" m_ty="-65.000000"/>
   <element name="fx" layername="fx" frame="0" z_index="12" m_a="0.936301" m_b="0.000000" m_c="0.000000" m_d="1.960274" m_tx="0.000000" m_ty="-47.234520"/>
  </frame>
 </anim>
</Anims>
