<Anims>
 <anim name="idle_big" root="carpet_whitewood" numframes="50" framerate="40">
  <frame idx="0" w="1270" h="1274" x="0.000000" y="0.000000">
   <element name="big" layername="big" frame="0" z_index="1" m_a="1.000000" m_b="0.000000" m_c="0.000000" m_d="1.000000" m_tx="0.000000" m_ty="0.000000"/>
  </frame>
  <frame idx="25" w="1270" h="1274" x="0.000000" y="0.000000">
   <element name="big" layername="big" frame="0" z_index="1" m_a="1.000000" m_b="0.000000" m_c="0.000000" m_d="1.000000" m_tx="0.000000" m_ty="0.000000"/>
  </frame>
 </anim>
</Anims>
