<Anims>
 <anim name="item" root="siving_derivants" numframes="25" framerate="40">
  <frame idx="0" w="176" h="411" x="-0.910019" y="-107.538467">
   <element name="item" layername="item-2" frame="2" z_index="66" m_a="1.000000" m_b="0.000000" m_c="0.000000" m_d="1.000000" m_tx="5.000000" m_ty="4.923077"/>
   <element name="item" layername="item" frame="0" z_index="65" m_a="1.000000" m_b="0.000000" m_c="0.000000" m_d="1.000000" m_tx="2.000000" m_ty="3.000000"/>
  </frame>
 </anim>
 <anim name="item_live" root="siving_derivants" numframes="25" framerate="40">
  <frame idx="0" w="176" h="411" x="-0.910019" y="-107.538467">
   <element name="item" layername="item-2" frame="2" z_index="66" m_a="1.000000" m_b="0.000000" m_c="0.000000" m_d="1.000000" m_tx="5.000000" m_ty="4.923077"/>
   <element name="item" layername="item" frame="1" z_index="65" m_a="1.000000" m_b="0.000000" m_c="0.000000" m_d="1.000000" m_tx="2.000000" m_ty="3.000000"/>
  </frame>
 </anim>
 <anim name="lvl3" root="siving_derivants" numframes="25" framerate="40">
  <frame idx="0" w="593" h="1430" x="-64.191223" y="-421.122559">
   <element name="tree" layername="tree" frame="0" z_index="66" m_a="1.000000" m_b="0.000000" m_c="0.000000" m_d="1.000000" m_tx="2.000000" m_ty="1.000000"/>
   <element name="tree" layername="tree" frame="1" z_index="64" m_a="1.000000" m_b="0.000000" m_c="0.000000" m_d="1.000000" m_tx="-5.401336" m_ty="-146.068329"/>
   <element name="tree" layername="tree-2" frame="2" z_index="63" m_a="1.000000" m_b="0.000000" m_c="0.000000" m_d="1.000000" m_tx="8.756048" m_ty="-143.903229"/>
   <element name="tree" layername="tree-3" frame="3" z_index="65" m_a="1.000000" m_b="0.000000" m_c="0.000000" m_d="1.000000" m_tx="-13.064398" m_ty="-195.653976"/>
   <element name="snow" layername="snow" frame="1" z_index="61" m_a="0.743948" m_b="0.232141" m_c="-0.181535" m_d="0.581769" m_tx="59.868420" m_ty="-326.600891"/>
   <element name="snow" layername="snow-3_" frame="3" z_index="62" m_a="-0.511246" m_b="-0.447341" m_c="0.483176" m_d="-0.552201" m_tx="22.045855" m_ty="-314.877808"/>
   <element name="snow" layername="snow" frame="0" z_index="59" m_a="-0.109353" m_b="0.803342" m_c="-0.719922" m_d="-0.097998" m_tx="-68.193764" m_ty="-199.967163"/>
   <element name="snow" layername="snow" frame="1" z_index="58" m_a="0.535262" m_b="0.140916" m_c="-0.127502" m_d="0.484312" m_tx="-35.883156" m_ty="-209.002045"/>
   <element name="snow" layername="snow-2_" frame="2" z_index="55" m_a="0.591947" m_b="0.000000" m_c="0.000000" m_d="0.434850" m_tx="-22.695036" m_ty="-370.212769"/>
   <element name="snow" layername="snow-3_" frame="3" z_index="56" m_a="-0.512278" m_b="-0.858819" m_c="0.858819" m_d="-0.512278" m_tx="-37.588654" m_ty="-400.709229"/>
   <element name="snow" layername="snow" frame="0" z_index="60" m_a="0.133257" m_b="0.723394" m_c="-0.782816" m_d="0.144203" m_tx="110.116280" m_ty="-619.930237"/>
   <element name="snow" layername="snow-2_" frame="2" z_index="57" m_a="-0.801710" m_b="-0.189495" m_c="-0.119298" m_d="0.504723" m_tx="-135.526321" m_ty="-482.672058"/>
   <element name="snow" layername="snow-3_" frame="0" z_index="54" m_a="0.023769" m_b="-0.807767" m_c="0.722532" m_d="0.021261" m_tx="-42.330494" m_ty="-742.316772"/>
  </frame>
 </anim>
 <anim name="lvl2" root="siving_derivants" numframes="25" framerate="40">
  <frame idx="0" w="593" h="1138" x="-64.191223" y="-332.465210">
   <element name="tree" layername="tree" frame="0" z_index="66" m_a="1.000000" m_b="0.000000" m_c="0.000000" m_d="1.000000" m_tx="2.000000" m_ty="1.000000"/>
   <element name="tree" layername="tree" frame="1" z_index="65" m_a="1.000000" m_b="0.000000" m_c="0.000000" m_d="1.000000" m_tx="-5.401336" m_ty="-146.068329"/>
   <element name="tree" layername="tree-2" frame="2" z_index="64" m_a="1.000000" m_b="0.000000" m_c="0.000000" m_d="1.000000" m_tx="8.756048" m_ty="-143.903229"/>
   <element name="snow" layername="snow" frame="1" z_index="62" m_a="0.743948" m_b="0.232141" m_c="-0.181535" m_d="0.581769" m_tx="59.868420" m_ty="-326.600891"/>
   <element name="snow" layername="snow-3_" frame="3" z_index="63" m_a="-0.511246" m_b="-0.447341" m_c="0.483176" m_d="-0.552201" m_tx="22.045855" m_ty="-314.877808"/>
   <element name="snow" layername="snow" frame="0" z_index="60" m_a="-0.109353" m_b="0.803342" m_c="-0.719922" m_d="-0.097998" m_tx="-68.193764" m_ty="-199.967163"/>
   <element name="snow" layername="snow" frame="1" z_index="59" m_a="0.535262" m_b="0.140916" m_c="-0.127502" m_d="0.484312" m_tx="-35.883156" m_ty="-209.002045"/>
   <element name="snow" layername="snow" frame="0" z_index="61" m_a="0.133257" m_b="0.723394" m_c="-0.782816" m_d="0.144203" m_tx="110.116280" m_ty="-619.930237"/>
   <element name="snow" layername="snow-2_" frame="2" z_index="58" m_a="-0.801710" m_b="-0.189495" m_c="-0.119298" m_d="0.504723" m_tx="-135.526321" m_ty="-482.672058"/>
  </frame>
 </anim>
 <anim name="lvl1" root="siving_derivants" numframes="25" framerate="40">
  <frame idx="0" w="528" h="957" x="-122.569214" y="-277.705750">
   <element name="tree" layername="tree" frame="0" z_index="66" m_a="1.000000" m_b="0.000000" m_c="0.000000" m_d="1.000000" m_tx="2.000000" m_ty="1.000000"/>
   <element name="tree" layername="tree" frame="1" z_index="65" m_a="1.000000" m_b="0.000000" m_c="0.000000" m_d="1.000000" m_tx="-5.401336" m_ty="-146.068329"/>
   <element name="snow" layername="snow" frame="0" z_index="64" m_a="-0.109353" m_b="0.803342" m_c="-0.719922" m_d="-0.097998" m_tx="-68.193764" m_ty="-199.967163"/>
   <element name="snow" layername="snow" frame="1" z_index="63" m_a="0.645718" m_b="0.169995" m_c="-0.127502" m_d="0.484312" m_tx="-36.417915" m_ty="-205.258728"/>
   <element name="snow" layername="snow-2_" frame="2" z_index="62" m_a="-0.801710" m_b="-0.189495" m_c="-0.119298" m_d="0.504723" m_tx="-135.526321" m_ty="-482.672058"/>
   <element name="snow" layername="snow-3" frame="3" z_index="61" m_a="0.523113" m_b="-0.298708" m_c="-0.495871" m_d="-0.868396" m_tx="-1.156627" m_ty="-181.361450"/>
  </frame>
 </anim>
 <anim name="lvl0" root="siving_derivants" numframes="25" framerate="40">
  <frame idx="0" w="167" h="365" x="-12.814026" y="-98.318924">
   <element name="tree" layername="tree" frame="0" z_index="66" m_a="1.000000" m_b="0.000000" m_c="0.000000" m_d="1.000000" m_tx="2.000000" m_ty="1.000000"/>
   <element name="snow" layername="snow" frame="0" z_index="65" m_a="0.132237" m_b="0.688548" m_c="0.547522" m_d="-0.105152" m_tx="-38.628071" m_ty="-1.631182"/>
   <element name="snow" layername="snow-2_" frame="2" z_index="64" m_a="0.525083" m_b="0.124110" m_c="-0.081927" m_d="0.346616" m_tx="-0.493226" m_ty="-146.637787"/>
  </frame>
 </anim>
 <anim name="lvl3_live" root="siving_derivants" numframes="25" framerate="40">
  <frame idx="0" w="593" h="1430" x="-64.191238" y="-421.122528">
   <element name="snow" layername="snow" frame="1" z_index="61" m_a="0.743948" m_b="0.232141" m_c="-0.181535" m_d="0.581769" m_tx="59.868420" m_ty="-326.600891"/>
   <element name="snow" layername="snow-3_" frame="3" z_index="62" m_a="-0.511246" m_b="-0.447341" m_c="0.483176" m_d="-0.552201" m_tx="22.045855" m_ty="-314.877808"/>
   <element name="snow" layername="snow" frame="0" z_index="59" m_a="-0.109353" m_b="0.803342" m_c="-0.719922" m_d="-0.097998" m_tx="-68.193764" m_ty="-199.967163"/>
   <element name="snow" layername="snow" frame="1" z_index="58" m_a="0.535262" m_b="0.140916" m_c="-0.127502" m_d="0.484312" m_tx="-35.883156" m_ty="-209.002045"/>
   <element name="snow" layername="snow-2_" frame="2" z_index="55" m_a="0.591947" m_b="0.000000" m_c="0.000000" m_d="0.434850" m_tx="-22.695036" m_ty="-370.212769"/>
   <element name="snow" layername="snow-3_" frame="3" z_index="56" m_a="-0.512278" m_b="-0.858819" m_c="0.858819" m_d="-0.512278" m_tx="-37.588654" m_ty="-400.709229"/>
   <element name="snow" layername="snow" frame="0" z_index="60" m_a="0.133257" m_b="0.723394" m_c="-0.782816" m_d="0.144203" m_tx="110.116280" m_ty="-619.930237"/>
   <element name="snow" layername="snow-2_" frame="2" z_index="57" m_a="-0.801710" m_b="-0.189495" m_c="-0.119298" m_d="0.504723" m_tx="-135.526321" m_ty="-482.672058"/>
   <element name="snow" layername="snow-3_" frame="0" z_index="54" m_a="0.023769" m_b="-0.807767" m_c="0.722532" m_d="0.021261" m_tx="-42.330494" m_ty="-742.316772"/>
   <element name="treelive" layername="treelive" frame="0" z_index="66" m_a="1.000000" m_b="0.000000" m_c="0.000000" m_d="1.000000" m_tx="2.000000" m_ty="1.000000"/>
   <element name="treelive" layername="treelive" frame="1" z_index="64" m_a="1.000000" m_b="0.000000" m_c="0.000000" m_d="1.000000" m_tx="-5.401340" m_ty="-146.068329"/>
   <element name="treelive" layername="treelive-2" frame="2" z_index="63" m_a="1.000000" m_b="0.000000" m_c="0.000000" m_d="1.000000" m_tx="8.756050" m_ty="-143.903229"/>
   <element name="treelive" layername="treelive-3" frame="3" z_index="65" m_a="1.000000" m_b="0.000000" m_c="0.000000" m_d="1.000000" m_tx="-13.064400" m_ty="-195.653976"/>
  </frame>
 </anim>
 <anim name="lvl2_live" root="siving_derivants" numframes="25" framerate="40">
  <frame idx="0" w="593" h="1138" x="-64.191238" y="-332.465179">
   <element name="snow" layername="snow" frame="1" z_index="62" m_a="0.743948" m_b="0.232141" m_c="-0.181535" m_d="0.581769" m_tx="59.868420" m_ty="-326.600891"/>
   <element name="snow" layername="snow-3_" frame="3" z_index="63" m_a="-0.511246" m_b="-0.447341" m_c="0.483176" m_d="-0.552201" m_tx="22.045855" m_ty="-314.877808"/>
   <element name="snow" layername="snow" frame="0" z_index="60" m_a="-0.109353" m_b="0.803342" m_c="-0.719922" m_d="-0.097998" m_tx="-68.193764" m_ty="-199.967163"/>
   <element name="snow" layername="snow" frame="1" z_index="59" m_a="0.535262" m_b="0.140916" m_c="-0.127502" m_d="0.484312" m_tx="-35.883156" m_ty="-209.002045"/>
   <element name="snow" layername="snow" frame="0" z_index="61" m_a="0.133257" m_b="0.723394" m_c="-0.782816" m_d="0.144203" m_tx="110.116280" m_ty="-619.930237"/>
   <element name="snow" layername="snow-2_" frame="2" z_index="58" m_a="-0.801710" m_b="-0.189495" m_c="-0.119298" m_d="0.504723" m_tx="-135.526321" m_ty="-482.672058"/>
   <element name="treelive" layername="treelive" frame="0" z_index="66" m_a="1.000000" m_b="0.000000" m_c="0.000000" m_d="1.000000" m_tx="2.000000" m_ty="1.000000"/>
   <element name="treelive" layername="treelive" frame="1" z_index="65" m_a="1.000000" m_b="0.000000" m_c="0.000000" m_d="1.000000" m_tx="-5.401340" m_ty="-146.068329"/>
   <element name="treelive" layername="treelive-2" frame="2" z_index="64" m_a="1.000000" m_b="0.000000" m_c="0.000000" m_d="1.000000" m_tx="8.756050" m_ty="-143.903229"/>
  </frame>
 </anim>
 <anim name="lvl1_live" root="siving_derivants" numframes="25" framerate="40">
  <frame idx="0" w="528" h="957" x="-122.569214" y="-277.705750">
   <element name="snow" layername="snow" frame="0" z_index="64" m_a="-0.109353" m_b="0.803342" m_c="-0.719922" m_d="-0.097998" m_tx="-68.193764" m_ty="-199.967163"/>
   <element name="snow" layername="snow" frame="1" z_index="63" m_a="0.645718" m_b="0.169995" m_c="-0.127502" m_d="0.484312" m_tx="-36.417915" m_ty="-205.258728"/>
   <element name="snow" layername="snow-2_" frame="2" z_index="62" m_a="-0.801710" m_b="-0.189495" m_c="-0.119298" m_d="0.504723" m_tx="-135.526321" m_ty="-482.672058"/>
   <element name="treelive" layername="treelive" frame="0" z_index="66" m_a="1.000000" m_b="0.000000" m_c="0.000000" m_d="1.000000" m_tx="2.000000" m_ty="1.000000"/>
   <element name="treelive" layername="treelive" frame="1" z_index="65" m_a="1.000000" m_b="0.000000" m_c="0.000000" m_d="1.000000" m_tx="-5.401340" m_ty="-146.068329"/>
   <element name="snow" layername="snow-3" frame="3" z_index="61" m_a="0.523113" m_b="-0.298708" m_c="-0.495871" m_d="-0.868396" m_tx="-1.156627" m_ty="-181.361450"/>
  </frame>
 </anim>
 <anim name="lvl0_live" root="siving_derivants" numframes="25" framerate="40">
  <frame idx="0" w="167" h="365" x="-12.814026" y="-98.318924">
   <element name="snow" layername="snow" frame="0" z_index="65" m_a="0.132237" m_b="0.688548" m_c="0.547522" m_d="-0.105152" m_tx="-38.628071" m_ty="-1.631182"/>
   <element name="snow" layername="snow-2_" frame="2" z_index="64" m_a="0.525083" m_b="0.124110" m_c="-0.081927" m_d="0.346616" m_tx="-0.493226" m_ty="-146.637787"/>
   <element name="treelive" layername="treelive" frame="0" z_index="66" m_a="1.000000" m_b="0.000000" m_c="0.000000" m_d="1.000000" m_tx="2.000000" m_ty="1.000000"/>
  </frame>
 </anim>
</Anims>
