<Anims>
 <anim name="till_idle" root="siving_soil" numframes="25" framerate="40">
  <frame idx="0" w="270" h="202" x="-0.509628" y="-30.927933">
   <element name="soil01" layername="soi" frame="5" z_index="2" m_a="1.016370" m_b="0.000000" m_c="0.000000" m_d="0.957992" m_tx="7.400000" m_ty="33.750000"/>
   <element name="soil01" layername="soi" frame="6" z_index="3" m_a="1.016370" m_b="0.000000" m_c="0.000000" m_d="0.957992" m_tx="-70.750000" m_ty="33.849998"/>
   <element name="soil01" layername="soi" frame="7" z_index="4" m_a="1.016370" m_b="0.000000" m_c="0.000000" m_d="0.957992" m_tx="67.400002" m_ty="14.350000"/>
   <element name="soil01" layername="soi" frame="0" z_index="5" m_a="1.346270" m_b="0.000000" m_c="0.000000" m_d="1.268940" m_tx="-45.950001" m_ty="-36.549999"/>
   <element name="soil01" layername="soi" frame="2" z_index="6" m_a="1.346270" m_b="-0.000000" m_c="0.000000" m_d="1.268940" m_tx="37.250000" m_ty="-34.299999"/>
   <element name="soil01" layername="soi" frame="1" z_index="7" m_a="1.141810" m_b="-0.701927" m_c="0.662141" m_d="1.077091" m_tx="-9.000000" m_ty="-31.450001"/>
  </frame>
 </anim>
 <anim name="item" root="siving_soil" numframes="1000" framerate="40">
  <frame idx="0" w="273" h="402" x="3.999992" y="-92.000076">
   <element name="item" layername="item" frame="0" z_index="7" m_a="1.000000" m_b="0.000000" m_c="0.000000" m_d="1.000000" m_tx="0.000000" m_ty="3.000000"/>
  </frame>
  <frame idx="25" w="273" h="402" x="3.999992" y="-92.000076">
   <element name="item" layername="item" frame="0" z_index="7" m_a="1.000000" m_b="0.000000" m_c="0.000000" m_d="1.000000" m_tx="0.000000" m_ty="3.000000"/>
  </frame>
  <frame idx="50" w="273" h="402" x="3.999992" y="-92.000076">
   <element name="item" layername="item" frame="0" z_index="7" m_a="1.000000" m_b="0.000000" m_c="0.000000" m_d="1.000000" m_tx="0.000000" m_ty="3.000000"/>
  </frame>
  <frame idx="75" w="273" h="402" x="3.999992" y="-92.000076">
   <element name="item" layername="item" frame="0" z_index="7" m_a="1.000000" m_b="0.000000" m_c="0.000000" m_d="1.000000" m_tx="0.000000" m_ty="3.000000"/>
  </frame>
  <frame idx="100" w="273" h="402" x="3.999992" y="-92.000076">
   <element name="item" layername="item" frame="0" z_index="7" m_a="1.000000" m_b="0.000000" m_c="0.000000" m_d="1.000000" m_tx="0.000000" m_ty="3.000000"/>
  </frame>
  <frame idx="125" w="273" h="402" x="3.999992" y="-92.000076">
   <element name="item" layername="item" frame="0" z_index="7" m_a="1.000000" m_b="0.000000" m_c="0.000000" m_d="1.000000" m_tx="0.000000" m_ty="3.000000"/>
  </frame>
  <frame idx="150" w="273" h="402" x="3.999992" y="-92.000076">
   <element name="item" layername="item" frame="0" z_index="7" m_a="1.000000" m_b="0.000000" m_c="0.000000" m_d="1.000000" m_tx="0.000000" m_ty="3.000000"/>
  </frame>
  <frame idx="175" w="273" h="402" x="3.999992" y="-92.000076">
   <element name="item" layername="item" frame="0" z_index="7" m_a="1.000000" m_b="0.000000" m_c="0.000000" m_d="1.000000" m_tx="0.000000" m_ty="3.000000"/>
  </frame>
  <frame idx="200" w="273" h="402" x="3.999992" y="-92.000076">
   <element name="item" layername="item" frame="0" z_index="7" m_a="1.000000" m_b="0.000000" m_c="0.000000" m_d="1.000000" m_tx="0.000000" m_ty="3.000000"/>
  </frame>
  <frame idx="225" w="273" h="402" x="3.999992" y="-92.000076">
   <element name="item" layername="item" frame="0" z_index="7" m_a="1.000000" m_b="0.000000" m_c="0.000000" m_d="1.000000" m_tx="0.000000" m_ty="3.000000"/>
  </frame>
  <frame idx="250" w="273" h="402" x="3.999992" y="-92.000076">
   <element name="item" layername="item" frame="0" z_index="7" m_a="1.000000" m_b="0.000000" m_c="0.000000" m_d="1.000000" m_tx="0.000000" m_ty="3.000000"/>
  </frame>
  <frame idx="275" w="273" h="402" x="3.999992" y="-92.000076">
   <element name="item" layername="item" frame="0" z_index="7" m_a="1.000000" m_b="0.000000" m_c="0.000000" m_d="1.000000" m_tx="0.000000" m_ty="3.000000"/>
  </frame>
  <frame idx="300" w="273" h="402" x="3.999992" y="-92.000076">
   <element name="item" layername="item" frame="0" z_index="7" m_a="1.000000" m_b="0.000000" m_c="0.000000" m_d="1.000000" m_tx="0.000000" m_ty="3.000000"/>
  </frame>
  <frame idx="325" w="273" h="402" x="3.999992" y="-92.000076">
   <element name="item" layername="item" frame="0" z_index="7" m_a="1.000000" m_b="0.000000" m_c="0.000000" m_d="1.000000" m_tx="0.000000" m_ty="3.000000"/>
  </frame>
  <frame idx="350" w="273" h="402" x="3.999992" y="-92.000076">
   <element name="item" layername="item" frame="0" z_index="7" m_a="1.000000" m_b="0.000000" m_c="0.000000" m_d="1.000000" m_tx="0.000000" m_ty="3.000000"/>
  </frame>
  <frame idx="375" w="273" h="402" x="3.999992" y="-92.000076">
   <element name="item" layername="item" frame="0" z_index="7" m_a="1.000000" m_b="0.000000" m_c="0.000000" m_d="1.000000" m_tx="0.000000" m_ty="3.000000"/>
  </frame>
  <frame idx="400" w="273" h="402" x="3.999992" y="-92.000076">
   <element name="item" layername="item" frame="0" z_index="7" m_a="1.000000" m_b="0.000000" m_c="0.000000" m_d="1.000000" m_tx="0.000000" m_ty="3.000000"/>
  </frame>
  <frame idx="425" w="273" h="402" x="3.999992" y="-92.000076">
   <element name="item" layername="item" frame="0" z_index="7" m_a="1.000000" m_b="0.000000" m_c="0.000000" m_d="1.000000" m_tx="0.000000" m_ty="3.000000"/>
  </frame>
  <frame idx="450" w="273" h="402" x="3.999992" y="-92.000076">
   <element name="item" layername="item" frame="0" z_index="7" m_a="1.000000" m_b="0.000000" m_c="0.000000" m_d="1.000000" m_tx="0.000000" m_ty="3.000000"/>
  </frame>
  <frame idx="475" w="273" h="402" x="3.999992" y="-92.000076">
   <element name="item" layername="item" frame="0" z_index="7" m_a="1.000000" m_b="0.000000" m_c="0.000000" m_d="1.000000" m_tx="0.000000" m_ty="3.000000"/>
  </frame>
  <frame idx="500" w="273" h="402" x="3.999992" y="-92.000076">
   <element name="item" layername="item" frame="0" z_index="7" m_a="1.000000" m_b="0.000000" m_c="0.000000" m_d="1.000000" m_tx="0.000000" m_ty="3.000000"/>
  </frame>
  <frame idx="525" w="273" h="402" x="3.999992" y="-92.000076">
   <element name="item" layername="item" frame="0" z_index="7" m_a="1.000000" m_b="0.000000" m_c="0.000000" m_d="1.000000" m_tx="0.000000" m_ty="3.000000"/>
  </frame>
  <frame idx="550" w="273" h="402" x="3.999992" y="-92.000076">
   <element name="item" layername="item" frame="0" z_index="7" m_a="1.000000" m_b="0.000000" m_c="0.000000" m_d="1.000000" m_tx="0.000000" m_ty="3.000000"/>
  </frame>
  <frame idx="575" w="273" h="402" x="3.999992" y="-92.000076">
   <element name="item" layername="item" frame="0" z_index="7" m_a="1.000000" m_b="0.000000" m_c="0.000000" m_d="1.000000" m_tx="0.000000" m_ty="3.000000"/>
  </frame>
  <frame idx="600" w="273" h="402" x="3.999992" y="-92.000076">
   <element name="item" layername="item" frame="0" z_index="7" m_a="1.000000" m_b="0.000000" m_c="0.000000" m_d="1.000000" m_tx="0.000000" m_ty="3.000000"/>
  </frame>
  <frame idx="625" w="273" h="402" x="3.999992" y="-92.000076">
   <element name="item" layername="item" frame="0" z_index="7" m_a="1.000000" m_b="0.000000" m_c="0.000000" m_d="1.000000" m_tx="0.000000" m_ty="3.000000"/>
  </frame>
  <frame idx="650" w="273" h="402" x="3.999992" y="-92.000076">
   <element name="item" layername="item" frame="0" z_index="7" m_a="1.000000" m_b="0.000000" m_c="0.000000" m_d="1.000000" m_tx="0.000000" m_ty="3.000000"/>
  </frame>
  <frame idx="675" w="273" h="402" x="3.999992" y="-92.000076">
   <element name="item" layername="item" frame="0" z_index="7" m_a="1.000000" m_b="0.000000" m_c="0.000000" m_d="1.000000" m_tx="0.000000" m_ty="3.000000"/>
  </frame>
  <frame idx="700" w="273" h="402" x="3.999992" y="-92.000076">
   <element name="item" layername="item" frame="0" z_index="7" m_a="1.000000" m_b="0.000000" m_c="0.000000" m_d="1.000000" m_tx="0.000000" m_ty="3.000000"/>
  </frame>
  <frame idx="725" w="273" h="402" x="3.999992" y="-92.000076">
   <element name="item" layername="item" frame="0" z_index="7" m_a="1.000000" m_b="0.000000" m_c="0.000000" m_d="1.000000" m_tx="0.000000" m_ty="3.000000"/>
  </frame>
  <frame idx="750" w="273" h="402" x="3.999992" y="-92.000076">
   <element name="item" layername="item" frame="0" z_index="7" m_a="1.000000" m_b="0.000000" m_c="0.000000" m_d="1.000000" m_tx="0.000000" m_ty="3.000000"/>
  </frame>
  <frame idx="775" w="273" h="402" x="3.999992" y="-92.000076">
   <element name="item" layername="item" frame="0" z_index="7" m_a="1.000000" m_b="0.000000" m_c="0.000000" m_d="1.000000" m_tx="0.000000" m_ty="3.000000"/>
  </frame>
  <frame idx="800" w="273" h="402" x="3.999992" y="-92.000076">
   <element name="item" layername="item" frame="0" z_index="7" m_a="1.000000" m_b="0.000000" m_c="0.000000" m_d="1.000000" m_tx="0.000000" m_ty="3.000000"/>
  </frame>
  <frame idx="825" w="273" h="402" x="3.999992" y="-92.000076">
   <element name="item" layername="item" frame="0" z_index="7" m_a="1.000000" m_b="0.000000" m_c="0.000000" m_d="1.000000" m_tx="0.000000" m_ty="3.000000"/>
  </frame>
  <frame idx="850" w="273" h="402" x="3.999992" y="-92.000076">
   <element name="item" layername="item" frame="0" z_index="7" m_a="1.000000" m_b="0.000000" m_c="0.000000" m_d="1.000000" m_tx="0.000000" m_ty="3.000000"/>
  </frame>
  <frame idx="875" w="273" h="402" x="3.999992" y="-92.000076">
   <element name="item" layername="item" frame="0" z_index="7" m_a="1.000000" m_b="0.000000" m_c="0.000000" m_d="1.000000" m_tx="0.000000" m_ty="3.000000"/>
  </frame>
  <frame idx="900" w="273" h="402" x="3.999992" y="-92.000076">
   <element name="item" layername="item" frame="0" z_index="7" m_a="1.000000" m_b="0.000000" m_c="0.000000" m_d="1.000000" m_tx="0.000000" m_ty="3.000000"/>
  </frame>
  <frame idx="925" w="273" h="402" x="3.999992" y="-92.000076">
   <element name="item" layername="item" frame="0" z_index="7" m_a="1.000000" m_b="0.000000" m_c="0.000000" m_d="1.000000" m_tx="0.000000" m_ty="3.000000"/>
  </frame>
  <frame idx="950" w="273" h="402" x="3.999992" y="-92.000076">
   <element name="item" layername="item" frame="0" z_index="7" m_a="1.000000" m_b="0.000000" m_c="0.000000" m_d="1.000000" m_tx="0.000000" m_ty="3.000000"/>
  </frame>
  <frame idx="975" w="273" h="402" x="3.999992" y="-92.000076">
   <element name="item" layername="item" frame="0" z_index="7" m_a="1.000000" m_b="0.000000" m_c="0.000000" m_d="1.000000" m_tx="0.000000" m_ty="3.000000"/>
  </frame>
 </anim>
</Anims>
