<Anims>
 <anim name="idle" root="tissue_l" numframes="1000" framerate="40">
  <frame idx="0" w="196" h="82" x="-2.000000" y="6.200001">
   <element name="base" layername="base" frame="0" z_index="5" m_a="1.000000" m_b="0.000000" m_c="0.000000" m_d="1.000000" m_tx="-2.000000" m_ty="3.000000"/>
  </frame>
  <frame idx="25" w="196" h="82" x="-2.000000" y="6.200001">
   <element name="base" layername="base" frame="0" z_index="5" m_a="1.000000" m_b="0.000000" m_c="0.000000" m_d="1.000000" m_tx="-2.000000" m_ty="3.000000"/>
  </frame>
  <frame idx="50" w="196" h="82" x="-2.000000" y="6.200001">
   <element name="base" layername="base" frame="0" z_index="5" m_a="1.000000" m_b="0.000000" m_c="0.000000" m_d="1.000000" m_tx="-2.000000" m_ty="3.000000"/>
  </frame>
  <frame idx="75" w="196" h="82" x="-2.000000" y="6.200001">
   <element name="base" layername="base" frame="0" z_index="5" m_a="1.000000" m_b="0.000000" m_c="0.000000" m_d="1.000000" m_tx="-2.000000" m_ty="3.000000"/>
  </frame>
  <frame idx="100" w="196" h="82" x="-2.000000" y="6.200001">
   <element name="base" layername="base" frame="0" z_index="5" m_a="1.000000" m_b="0.000000" m_c="0.000000" m_d="1.000000" m_tx="-2.000000" m_ty="3.000000"/>
  </frame>
  <frame idx="125" w="196" h="82" x="-2.000000" y="6.200001">
   <element name="base" layername="base" frame="0" z_index="5" m_a="1.000000" m_b="0.000000" m_c="0.000000" m_d="1.000000" m_tx="-2.000000" m_ty="3.000000"/>
  </frame>
  <frame idx="150" w="196" h="82" x="-2.000000" y="6.200001">
   <element name="base" layername="base" frame="0" z_index="5" m_a="1.000000" m_b="0.000000" m_c="0.000000" m_d="1.000000" m_tx="-2.000000" m_ty="3.000000"/>
  </frame>
  <frame idx="175" w="196" h="82" x="-2.000000" y="6.200001">
   <element name="base" layername="base" frame="0" z_index="5" m_a="1.000000" m_b="0.000000" m_c="0.000000" m_d="1.000000" m_tx="-2.000000" m_ty="3.000000"/>
  </frame>
  <frame idx="200" w="196" h="82" x="-2.000000" y="6.200001">
   <element name="base" layername="base" frame="0" z_index="5" m_a="1.000000" m_b="0.000000" m_c="0.000000" m_d="1.000000" m_tx="-2.000000" m_ty="3.000000"/>
  </frame>
  <frame idx="225" w="196" h="82" x="-2.000000" y="6.200001">
   <element name="base" layername="base" frame="0" z_index="5" m_a="1.000000" m_b="0.000000" m_c="0.000000" m_d="1.000000" m_tx="-2.000000" m_ty="3.000000"/>
  </frame>
  <frame idx="250" w="196" h="82" x="-2.000000" y="6.200001">
   <element name="base" layername="base" frame="0" z_index="5" m_a="1.000000" m_b="0.000000" m_c="0.000000" m_d="1.000000" m_tx="-2.000000" m_ty="3.000000"/>
  </frame>
  <frame idx="275" w="196" h="82" x="-2.000000" y="6.200001">
   <element name="base" layername="base" frame="0" z_index="5" m_a="1.000000" m_b="0.000000" m_c="0.000000" m_d="1.000000" m_tx="-2.000000" m_ty="3.000000"/>
  </frame>
  <frame idx="300" w="196" h="82" x="-2.000000" y="6.200001">
   <element name="base" layername="base" frame="0" z_index="5" m_a="1.000000" m_b="0.000000" m_c="0.000000" m_d="1.000000" m_tx="-2.000000" m_ty="3.000000"/>
  </frame>
  <frame idx="325" w="196" h="82" x="-2.000000" y="6.200001">
   <element name="base" layername="base" frame="0" z_index="5" m_a="1.000000" m_b="0.000000" m_c="0.000000" m_d="1.000000" m_tx="-2.000000" m_ty="3.000000"/>
  </frame>
  <frame idx="350" w="196" h="82" x="-2.000000" y="6.200001">
   <element name="base" layername="base" frame="0" z_index="5" m_a="1.000000" m_b="0.000000" m_c="0.000000" m_d="1.000000" m_tx="-2.000000" m_ty="3.000000"/>
  </frame>
  <frame idx="375" w="196" h="82" x="-2.000000" y="6.200001">
   <element name="base" layername="base" frame="0" z_index="5" m_a="1.000000" m_b="0.000000" m_c="0.000000" m_d="1.000000" m_tx="-2.000000" m_ty="3.000000"/>
  </frame>
  <frame idx="400" w="196" h="82" x="-2.000000" y="6.200001">
   <element name="base" layername="base" frame="0" z_index="5" m_a="1.000000" m_b="0.000000" m_c="0.000000" m_d="1.000000" m_tx="-2.000000" m_ty="3.000000"/>
  </frame>
  <frame idx="425" w="196" h="82" x="-2.000000" y="6.200001">
   <element name="base" layername="base" frame="0" z_index="5" m_a="1.000000" m_b="0.000000" m_c="0.000000" m_d="1.000000" m_tx="-2.000000" m_ty="3.000000"/>
  </frame>
  <frame idx="450" w="196" h="82" x="-2.000000" y="6.200001">
   <element name="base" layername="base" frame="0" z_index="5" m_a="1.000000" m_b="0.000000" m_c="0.000000" m_d="1.000000" m_tx="-2.000000" m_ty="3.000000"/>
  </frame>
  <frame idx="475" w="196" h="82" x="-2.000000" y="6.200001">
   <element name="base" layername="base" frame="0" z_index="5" m_a="1.000000" m_b="0.000000" m_c="0.000000" m_d="1.000000" m_tx="-2.000000" m_ty="3.000000"/>
  </frame>
  <frame idx="500" w="196" h="82" x="-2.000000" y="6.200001">
   <element name="base" layername="base" frame="0" z_index="5" m_a="1.000000" m_b="0.000000" m_c="0.000000" m_d="1.000000" m_tx="-2.000000" m_ty="3.000000"/>
  </frame>
  <frame idx="525" w="196" h="82" x="-2.000000" y="6.200001">
   <element name="base" layername="base" frame="0" z_index="5" m_a="1.000000" m_b="0.000000" m_c="0.000000" m_d="1.000000" m_tx="-2.000000" m_ty="3.000000"/>
  </frame>
  <frame idx="550" w="196" h="82" x="-2.000000" y="6.200001">
   <element name="base" layername="base" frame="0" z_index="5" m_a="1.000000" m_b="0.000000" m_c="0.000000" m_d="1.000000" m_tx="-2.000000" m_ty="3.000000"/>
  </frame>
  <frame idx="575" w="196" h="82" x="-2.000000" y="6.200001">
   <element name="base" layername="base" frame="0" z_index="5" m_a="1.000000" m_b="0.000000" m_c="0.000000" m_d="1.000000" m_tx="-2.000000" m_ty="3.000000"/>
  </frame>
  <frame idx="600" w="196" h="82" x="-2.000000" y="6.200001">
   <element name="base" layername="base" frame="0" z_index="5" m_a="1.000000" m_b="0.000000" m_c="0.000000" m_d="1.000000" m_tx="-2.000000" m_ty="3.000000"/>
  </frame>
  <frame idx="625" w="196" h="82" x="-2.000000" y="6.200001">
   <element name="base" layername="base" frame="0" z_index="5" m_a="1.000000" m_b="0.000000" m_c="0.000000" m_d="1.000000" m_tx="-2.000000" m_ty="3.000000"/>
  </frame>
  <frame idx="650" w="196" h="82" x="-2.000000" y="6.200001">
   <element name="base" layername="base" frame="0" z_index="5" m_a="1.000000" m_b="0.000000" m_c="0.000000" m_d="1.000000" m_tx="-2.000000" m_ty="3.000000"/>
  </frame>
  <frame idx="675" w="196" h="82" x="-2.000000" y="6.200001">
   <element name="base" layername="base" frame="0" z_index="5" m_a="1.000000" m_b="0.000000" m_c="0.000000" m_d="1.000000" m_tx="-2.000000" m_ty="3.000000"/>
  </frame>
  <frame idx="700" w="196" h="82" x="-2.000000" y="6.200001">
   <element name="base" layername="base" frame="0" z_index="5" m_a="1.000000" m_b="0.000000" m_c="0.000000" m_d="1.000000" m_tx="-2.000000" m_ty="3.000000"/>
  </frame>
  <frame idx="725" w="196" h="82" x="-2.000000" y="6.200001">
   <element name="base" layername="base" frame="0" z_index="5" m_a="1.000000" m_b="0.000000" m_c="0.000000" m_d="1.000000" m_tx="-2.000000" m_ty="3.000000"/>
  </frame>
  <frame idx="750" w="196" h="82" x="-2.000000" y="6.200001">
   <element name="base" layername="base" frame="0" z_index="5" m_a="1.000000" m_b="0.000000" m_c="0.000000" m_d="1.000000" m_tx="-2.000000" m_ty="3.000000"/>
  </frame>
  <frame idx="775" w="196" h="82" x="-2.000000" y="6.200001">
   <element name="base" layername="base" frame="0" z_index="5" m_a="1.000000" m_b="0.000000" m_c="0.000000" m_d="1.000000" m_tx="-2.000000" m_ty="3.000000"/>
  </frame>
  <frame idx="800" w="196" h="82" x="-2.000000" y="6.200001">
   <element name="base" layername="base" frame="0" z_index="5" m_a="1.000000" m_b="0.000000" m_c="0.000000" m_d="1.000000" m_tx="-2.000000" m_ty="3.000000"/>
  </frame>
  <frame idx="825" w="196" h="82" x="-2.000000" y="6.200001">
   <element name="base" layername="base" frame="0" z_index="5" m_a="1.000000" m_b="0.000000" m_c="0.000000" m_d="1.000000" m_tx="-2.000000" m_ty="3.000000"/>
  </frame>
  <frame idx="850" w="196" h="82" x="-2.000000" y="6.200001">
   <element name="base" layername="base" frame="0" z_index="5" m_a="1.000000" m_b="0.000000" m_c="0.000000" m_d="1.000000" m_tx="-2.000000" m_ty="3.000000"/>
  </frame>
  <frame idx="875" w="196" h="82" x="-2.000000" y="6.200001">
   <element name="base" layername="base" frame="0" z_index="5" m_a="1.000000" m_b="0.000000" m_c="0.000000" m_d="1.000000" m_tx="-2.000000" m_ty="3.000000"/>
  </frame>
  <frame idx="900" w="196" h="82" x="-2.000000" y="6.200001">
   <element name="base" layername="base" frame="0" z_index="5" m_a="1.000000" m_b="0.000000" m_c="0.000000" m_d="1.000000" m_tx="-2.000000" m_ty="3.000000"/>
  </frame>
  <frame idx="925" w="196" h="82" x="-2.000000" y="6.200001">
   <element name="base" layername="base" frame="0" z_index="5" m_a="1.000000" m_b="0.000000" m_c="0.000000" m_d="1.000000" m_tx="-2.000000" m_ty="3.000000"/>
  </frame>
  <frame idx="950" w="196" h="82" x="-2.000000" y="6.200001">
   <element name="base" layername="base" frame="0" z_index="5" m_a="1.000000" m_b="0.000000" m_c="0.000000" m_d="1.000000" m_tx="-2.000000" m_ty="3.000000"/>
  </frame>
  <frame idx="975" w="196" h="82" x="-2.000000" y="6.200001">
   <element name="base" layername="base" frame="0" z_index="5" m_a="1.000000" m_b="0.000000" m_c="0.000000" m_d="1.000000" m_tx="-2.000000" m_ty="3.000000"/>
  </frame>
 </anim>
 <anim name="idle_cactus" root="tissue_l" numframes="1000" framerate="40">
  <frame idx="0" w="196" h="182" x="-2.000000" y="-24.060326">
   <element name="base" layername="base" frame="0" z_index="5" m_a="1.000000" m_b="0.000000" m_c="0.000000" m_d="1.000000" m_tx="-2.000000" m_ty="3.000000"/>
   <element name="cactus" layername="cactus" frame="0" z_index="4" m_a="1.000000" m_b="0.000000" m_c="0.000000" m_d="1.000000" m_tx="2.798913" m_ty="-11.070652"/>
  </frame>
  <frame idx="25" w="196" h="182" x="-2.000000" y="-24.060326">
   <element name="base" layername="base" frame="0" z_index="5" m_a="1.000000" m_b="0.000000" m_c="0.000000" m_d="1.000000" m_tx="-2.000000" m_ty="3.000000"/>
   <element name="cactus" layername="cactus" frame="0" z_index="4" m_a="1.000000" m_b="0.000000" m_c="0.000000" m_d="1.000000" m_tx="2.798913" m_ty="-11.070652"/>
  </frame>
  <frame idx="50" w="196" h="182" x="-2.000000" y="-24.060326">
   <element name="base" layername="base" frame="0" z_index="5" m_a="1.000000" m_b="0.000000" m_c="0.000000" m_d="1.000000" m_tx="-2.000000" m_ty="3.000000"/>
   <element name="cactus" layername="cactus" frame="0" z_index="4" m_a="1.000000" m_b="0.000000" m_c="0.000000" m_d="1.000000" m_tx="2.798913" m_ty="-11.070652"/>
  </frame>
  <frame idx="75" w="196" h="182" x="-2.000000" y="-24.060326">
   <element name="base" layername="base" frame="0" z_index="5" m_a="1.000000" m_b="0.000000" m_c="0.000000" m_d="1.000000" m_tx="-2.000000" m_ty="3.000000"/>
   <element name="cactus" layername="cactus" frame="0" z_index="4" m_a="1.000000" m_b="0.000000" m_c="0.000000" m_d="1.000000" m_tx="2.798913" m_ty="-11.070652"/>
  </frame>
  <frame idx="100" w="196" h="182" x="-2.000000" y="-24.060326">
   <element name="base" layername="base" frame="0" z_index="5" m_a="1.000000" m_b="0.000000" m_c="0.000000" m_d="1.000000" m_tx="-2.000000" m_ty="3.000000"/>
   <element name="cactus" layername="cactus" frame="0" z_index="4" m_a="1.000000" m_b="0.000000" m_c="0.000000" m_d="1.000000" m_tx="2.798913" m_ty="-11.070652"/>
  </frame>
  <frame idx="125" w="196" h="182" x="-2.000000" y="-24.060326">
   <element name="base" layername="base" frame="0" z_index="5" m_a="1.000000" m_b="0.000000" m_c="0.000000" m_d="1.000000" m_tx="-2.000000" m_ty="3.000000"/>
   <element name="cactus" layername="cactus" frame="0" z_index="4" m_a="1.000000" m_b="0.000000" m_c="0.000000" m_d="1.000000" m_tx="2.798913" m_ty="-11.070652"/>
  </frame>
  <frame idx="150" w="196" h="182" x="-2.000000" y="-24.060326">
   <element name="base" layername="base" frame="0" z_index="5" m_a="1.000000" m_b="0.000000" m_c="0.000000" m_d="1.000000" m_tx="-2.000000" m_ty="3.000000"/>
   <element name="cactus" layername="cactus" frame="0" z_index="4" m_a="1.000000" m_b="0.000000" m_c="0.000000" m_d="1.000000" m_tx="2.798913" m_ty="-11.070652"/>
  </frame>
  <frame idx="175" w="196" h="182" x="-2.000000" y="-24.060326">
   <element name="base" layername="base" frame="0" z_index="5" m_a="1.000000" m_b="0.000000" m_c="0.000000" m_d="1.000000" m_tx="-2.000000" m_ty="3.000000"/>
   <element name="cactus" layername="cactus" frame="0" z_index="4" m_a="1.000000" m_b="0.000000" m_c="0.000000" m_d="1.000000" m_tx="2.798913" m_ty="-11.070652"/>
  </frame>
  <frame idx="200" w="196" h="182" x="-2.000000" y="-24.060326">
   <element name="base" layername="base" frame="0" z_index="5" m_a="1.000000" m_b="0.000000" m_c="0.000000" m_d="1.000000" m_tx="-2.000000" m_ty="3.000000"/>
   <element name="cactus" layername="cactus" frame="0" z_index="4" m_a="1.000000" m_b="0.000000" m_c="0.000000" m_d="1.000000" m_tx="2.798913" m_ty="-11.070652"/>
  </frame>
  <frame idx="225" w="196" h="182" x="-2.000000" y="-24.060326">
   <element name="base" layername="base" frame="0" z_index="5" m_a="1.000000" m_b="0.000000" m_c="0.000000" m_d="1.000000" m_tx="-2.000000" m_ty="3.000000"/>
   <element name="cactus" layername="cactus" frame="0" z_index="4" m_a="1.000000" m_b="0.000000" m_c="0.000000" m_d="1.000000" m_tx="2.798913" m_ty="-11.070652"/>
  </frame>
  <frame idx="250" w="196" h="182" x="-2.000000" y="-24.060326">
   <element name="base" layername="base" frame="0" z_index="5" m_a="1.000000" m_b="0.000000" m_c="0.000000" m_d="1.000000" m_tx="-2.000000" m_ty="3.000000"/>
   <element name="cactus" layername="cactus" frame="0" z_index="4" m_a="1.000000" m_b="0.000000" m_c="0.000000" m_d="1.000000" m_tx="2.798913" m_ty="-11.070652"/>
  </frame>
  <frame idx="275" w="196" h="182" x="-2.000000" y="-24.060326">
   <element name="base" layername="base" frame="0" z_index="5" m_a="1.000000" m_b="0.000000" m_c="0.000000" m_d="1.000000" m_tx="-2.000000" m_ty="3.000000"/>
   <element name="cactus" layername="cactus" frame="0" z_index="4" m_a="1.000000" m_b="0.000000" m_c="0.000000" m_d="1.000000" m_tx="2.798913" m_ty="-11.070652"/>
  </frame>
  <frame idx="300" w="196" h="182" x="-2.000000" y="-24.060326">
   <element name="base" layername="base" frame="0" z_index="5" m_a="1.000000" m_b="0.000000" m_c="0.000000" m_d="1.000000" m_tx="-2.000000" m_ty="3.000000"/>
   <element name="cactus" layername="cactus" frame="0" z_index="4" m_a="1.000000" m_b="0.000000" m_c="0.000000" m_d="1.000000" m_tx="2.798913" m_ty="-11.070652"/>
  </frame>
  <frame idx="325" w="196" h="182" x="-2.000000" y="-24.060326">
   <element name="base" layername="base" frame="0" z_index="5" m_a="1.000000" m_b="0.000000" m_c="0.000000" m_d="1.000000" m_tx="-2.000000" m_ty="3.000000"/>
   <element name="cactus" layername="cactus" frame="0" z_index="4" m_a="1.000000" m_b="0.000000" m_c="0.000000" m_d="1.000000" m_tx="2.798913" m_ty="-11.070652"/>
  </frame>
  <frame idx="350" w="196" h="182" x="-2.000000" y="-24.060326">
   <element name="base" layername="base" frame="0" z_index="5" m_a="1.000000" m_b="0.000000" m_c="0.000000" m_d="1.000000" m_tx="-2.000000" m_ty="3.000000"/>
   <element name="cactus" layername="cactus" frame="0" z_index="4" m_a="1.000000" m_b="0.000000" m_c="0.000000" m_d="1.000000" m_tx="2.798913" m_ty="-11.070652"/>
  </frame>
  <frame idx="375" w="196" h="182" x="-2.000000" y="-24.060326">
   <element name="base" layername="base" frame="0" z_index="5" m_a="1.000000" m_b="0.000000" m_c="0.000000" m_d="1.000000" m_tx="-2.000000" m_ty="3.000000"/>
   <element name="cactus" layername="cactus" frame="0" z_index="4" m_a="1.000000" m_b="0.000000" m_c="0.000000" m_d="1.000000" m_tx="2.798913" m_ty="-11.070652"/>
  </frame>
  <frame idx="400" w="196" h="182" x="-2.000000" y="-24.060326">
   <element name="base" layername="base" frame="0" z_index="5" m_a="1.000000" m_b="0.000000" m_c="0.000000" m_d="1.000000" m_tx="-2.000000" m_ty="3.000000"/>
   <element name="cactus" layername="cactus" frame="0" z_index="4" m_a="1.000000" m_b="0.000000" m_c="0.000000" m_d="1.000000" m_tx="2.798913" m_ty="-11.070652"/>
  </frame>
  <frame idx="425" w="196" h="182" x="-2.000000" y="-24.060326">
   <element name="base" layername="base" frame="0" z_index="5" m_a="1.000000" m_b="0.000000" m_c="0.000000" m_d="1.000000" m_tx="-2.000000" m_ty="3.000000"/>
   <element name="cactus" layername="cactus" frame="0" z_index="4" m_a="1.000000" m_b="0.000000" m_c="0.000000" m_d="1.000000" m_tx="2.798913" m_ty="-11.070652"/>
  </frame>
  <frame idx="450" w="196" h="182" x="-2.000000" y="-24.060326">
   <element name="base" layername="base" frame="0" z_index="5" m_a="1.000000" m_b="0.000000" m_c="0.000000" m_d="1.000000" m_tx="-2.000000" m_ty="3.000000"/>
   <element name="cactus" layername="cactus" frame="0" z_index="4" m_a="1.000000" m_b="0.000000" m_c="0.000000" m_d="1.000000" m_tx="2.798913" m_ty="-11.070652"/>
  </frame>
  <frame idx="475" w="196" h="182" x="-2.000000" y="-24.060326">
   <element name="base" layername="base" frame="0" z_index="5" m_a="1.000000" m_b="0.000000" m_c="0.000000" m_d="1.000000" m_tx="-2.000000" m_ty="3.000000"/>
   <element name="cactus" layername="cactus" frame="0" z_index="4" m_a="1.000000" m_b="0.000000" m_c="0.000000" m_d="1.000000" m_tx="2.798913" m_ty="-11.070652"/>
  </frame>
  <frame idx="500" w="196" h="182" x="-2.000000" y="-24.060326">
   <element name="base" layername="base" frame="0" z_index="5" m_a="1.000000" m_b="0.000000" m_c="0.000000" m_d="1.000000" m_tx="-2.000000" m_ty="3.000000"/>
   <element name="cactus" layername="cactus" frame="0" z_index="4" m_a="1.000000" m_b="0.000000" m_c="0.000000" m_d="1.000000" m_tx="2.798913" m_ty="-11.070652"/>
  </frame>
  <frame idx="525" w="196" h="182" x="-2.000000" y="-24.060326">
   <element name="base" layername="base" frame="0" z_index="5" m_a="1.000000" m_b="0.000000" m_c="0.000000" m_d="1.000000" m_tx="-2.000000" m_ty="3.000000"/>
   <element name="cactus" layername="cactus" frame="0" z_index="4" m_a="1.000000" m_b="0.000000" m_c="0.000000" m_d="1.000000" m_tx="2.798913" m_ty="-11.070652"/>
  </frame>
  <frame idx="550" w="196" h="182" x="-2.000000" y="-24.060326">
   <element name="base" layername="base" frame="0" z_index="5" m_a="1.000000" m_b="0.000000" m_c="0.000000" m_d="1.000000" m_tx="-2.000000" m_ty="3.000000"/>
   <element name="cactus" layername="cactus" frame="0" z_index="4" m_a="1.000000" m_b="0.000000" m_c="0.000000" m_d="1.000000" m_tx="2.798913" m_ty="-11.070652"/>
  </frame>
  <frame idx="575" w="196" h="182" x="-2.000000" y="-24.060326">
   <element name="base" layername="base" frame="0" z_index="5" m_a="1.000000" m_b="0.000000" m_c="0.000000" m_d="1.000000" m_tx="-2.000000" m_ty="3.000000"/>
   <element name="cactus" layername="cactus" frame="0" z_index="4" m_a="1.000000" m_b="0.000000" m_c="0.000000" m_d="1.000000" m_tx="2.798913" m_ty="-11.070652"/>
  </frame>
  <frame idx="600" w="196" h="182" x="-2.000000" y="-24.060326">
   <element name="base" layername="base" frame="0" z_index="5" m_a="1.000000" m_b="0.000000" m_c="0.000000" m_d="1.000000" m_tx="-2.000000" m_ty="3.000000"/>
   <element name="cactus" layername="cactus" frame="0" z_index="4" m_a="1.000000" m_b="0.000000" m_c="0.000000" m_d="1.000000" m_tx="2.798913" m_ty="-11.070652"/>
  </frame>
  <frame idx="625" w="196" h="182" x="-2.000000" y="-24.060326">
   <element name="base" layername="base" frame="0" z_index="5" m_a="1.000000" m_b="0.000000" m_c="0.000000" m_d="1.000000" m_tx="-2.000000" m_ty="3.000000"/>
   <element name="cactus" layername="cactus" frame="0" z_index="4" m_a="1.000000" m_b="0.000000" m_c="0.000000" m_d="1.000000" m_tx="2.798913" m_ty="-11.070652"/>
  </frame>
  <frame idx="650" w="196" h="182" x="-2.000000" y="-24.060326">
   <element name="base" layername="base" frame="0" z_index="5" m_a="1.000000" m_b="0.000000" m_c="0.000000" m_d="1.000000" m_tx="-2.000000" m_ty="3.000000"/>
   <element name="cactus" layername="cactus" frame="0" z_index="4" m_a="1.000000" m_b="0.000000" m_c="0.000000" m_d="1.000000" m_tx="2.798913" m_ty="-11.070652"/>
  </frame>
  <frame idx="675" w="196" h="182" x="-2.000000" y="-24.060326">
   <element name="base" layername="base" frame="0" z_index="5" m_a="1.000000" m_b="0.000000" m_c="0.000000" m_d="1.000000" m_tx="-2.000000" m_ty="3.000000"/>
   <element name="cactus" layername="cactus" frame="0" z_index="4" m_a="1.000000" m_b="0.000000" m_c="0.000000" m_d="1.000000" m_tx="2.798913" m_ty="-11.070652"/>
  </frame>
  <frame idx="700" w="196" h="182" x="-2.000000" y="-24.060326">
   <element name="base" layername="base" frame="0" z_index="5" m_a="1.000000" m_b="0.000000" m_c="0.000000" m_d="1.000000" m_tx="-2.000000" m_ty="3.000000"/>
   <element name="cactus" layername="cactus" frame="0" z_index="4" m_a="1.000000" m_b="0.000000" m_c="0.000000" m_d="1.000000" m_tx="2.798913" m_ty="-11.070652"/>
  </frame>
  <frame idx="725" w="196" h="182" x="-2.000000" y="-24.060326">
   <element name="base" layername="base" frame="0" z_index="5" m_a="1.000000" m_b="0.000000" m_c="0.000000" m_d="1.000000" m_tx="-2.000000" m_ty="3.000000"/>
   <element name="cactus" layername="cactus" frame="0" z_index="4" m_a="1.000000" m_b="0.000000" m_c="0.000000" m_d="1.000000" m_tx="2.798913" m_ty="-11.070652"/>
  </frame>
  <frame idx="750" w="196" h="182" x="-2.000000" y="-24.060326">
   <element name="base" layername="base" frame="0" z_index="5" m_a="1.000000" m_b="0.000000" m_c="0.000000" m_d="1.000000" m_tx="-2.000000" m_ty="3.000000"/>
   <element name="cactus" layername="cactus" frame="0" z_index="4" m_a="1.000000" m_b="0.000000" m_c="0.000000" m_d="1.000000" m_tx="2.798913" m_ty="-11.070652"/>
  </frame>
  <frame idx="775" w="196" h="182" x="-2.000000" y="-24.060326">
   <element name="base" layername="base" frame="0" z_index="5" m_a="1.000000" m_b="0.000000" m_c="0.000000" m_d="1.000000" m_tx="-2.000000" m_ty="3.000000"/>
   <element name="cactus" layername="cactus" frame="0" z_index="4" m_a="1.000000" m_b="0.000000" m_c="0.000000" m_d="1.000000" m_tx="2.798913" m_ty="-11.070652"/>
  </frame>
  <frame idx="800" w="196" h="182" x="-2.000000" y="-24.060326">
   <element name="base" layername="base" frame="0" z_index="5" m_a="1.000000" m_b="0.000000" m_c="0.000000" m_d="1.000000" m_tx="-2.000000" m_ty="3.000000"/>
   <element name="cactus" layername="cactus" frame="0" z_index="4" m_a="1.000000" m_b="0.000000" m_c="0.000000" m_d="1.000000" m_tx="2.798913" m_ty="-11.070652"/>
  </frame>
  <frame idx="825" w="196" h="182" x="-2.000000" y="-24.060326">
   <element name="base" layername="base" frame="0" z_index="5" m_a="1.000000" m_b="0.000000" m_c="0.000000" m_d="1.000000" m_tx="-2.000000" m_ty="3.000000"/>
   <element name="cactus" layername="cactus" frame="0" z_index="4" m_a="1.000000" m_b="0.000000" m_c="0.000000" m_d="1.000000" m_tx="2.798913" m_ty="-11.070652"/>
  </frame>
  <frame idx="850" w="196" h="182" x="-2.000000" y="-24.060326">
   <element name="base" layername="base" frame="0" z_index="5" m_a="1.000000" m_b="0.000000" m_c="0.000000" m_d="1.000000" m_tx="-2.000000" m_ty="3.000000"/>
   <element name="cactus" layername="cactus" frame="0" z_index="4" m_a="1.000000" m_b="0.000000" m_c="0.000000" m_d="1.000000" m_tx="2.798913" m_ty="-11.070652"/>
  </frame>
  <frame idx="875" w="196" h="182" x="-2.000000" y="-24.060326">
   <element name="base" layername="base" frame="0" z_index="5" m_a="1.000000" m_b="0.000000" m_c="0.000000" m_d="1.000000" m_tx="-2.000000" m_ty="3.000000"/>
   <element name="cactus" layername="cactus" frame="0" z_index="4" m_a="1.000000" m_b="0.000000" m_c="0.000000" m_d="1.000000" m_tx="2.798913" m_ty="-11.070652"/>
  </frame>
  <frame idx="900" w="196" h="182" x="-2.000000" y="-24.060326">
   <element name="base" layername="base" frame="0" z_index="5" m_a="1.000000" m_b="0.000000" m_c="0.000000" m_d="1.000000" m_tx="-2.000000" m_ty="3.000000"/>
   <element name="cactus" layername="cactus" frame="0" z_index="4" m_a="1.000000" m_b="0.000000" m_c="0.000000" m_d="1.000000" m_tx="2.798913" m_ty="-11.070652"/>
  </frame>
  <frame idx="925" w="196" h="182" x="-2.000000" y="-24.060326">
   <element name="base" layername="base" frame="0" z_index="5" m_a="1.000000" m_b="0.000000" m_c="0.000000" m_d="1.000000" m_tx="-2.000000" m_ty="3.000000"/>
   <element name="cactus" layername="cactus" frame="0" z_index="4" m_a="1.000000" m_b="0.000000" m_c="0.000000" m_d="1.000000" m_tx="2.798913" m_ty="-11.070652"/>
  </frame>
  <frame idx="950" w="196" h="182" x="-2.000000" y="-24.060326">
   <element name="base" layername="base" frame="0" z_index="5" m_a="1.000000" m_b="0.000000" m_c="0.000000" m_d="1.000000" m_tx="-2.000000" m_ty="3.000000"/>
   <element name="cactus" layername="cactus" frame="0" z_index="4" m_a="1.000000" m_b="0.000000" m_c="0.000000" m_d="1.000000" m_tx="2.798913" m_ty="-11.070652"/>
  </frame>
  <frame idx="975" w="196" h="182" x="-2.000000" y="-24.060326">
   <element name="base" layername="base" frame="0" z_index="5" m_a="1.000000" m_b="0.000000" m_c="0.000000" m_d="1.000000" m_tx="-2.000000" m_ty="3.000000"/>
   <element name="cactus" layername="cactus" frame="0" z_index="4" m_a="1.000000" m_b="0.000000" m_c="0.000000" m_d="1.000000" m_tx="2.798913" m_ty="-11.070652"/>
  </frame>
 </anim>
 <anim name="idle_lureplant" root="tissue_l" numframes="1000" framerate="40">
  <frame idx="0" w="196" h="180" x="-2.000000" y="-23.225456">
   <element name="base" layername="base" frame="0" z_index="5" m_a="1.000000" m_b="0.000000" m_c="0.000000" m_d="1.000000" m_tx="-2.000000" m_ty="3.000000"/>
   <element name="lureplant" layername="lureplant" frame="0" z_index="4" m_a="1.000000" m_b="0.000000" m_c="0.000000" m_d="1.000000" m_tx="1.686902" m_ty="-10.750905"/>
  </frame>
  <frame idx="25" w="196" h="180" x="-2.000000" y="-23.225456">
   <element name="base" layername="base" frame="0" z_index="5" m_a="1.000000" m_b="0.000000" m_c="0.000000" m_d="1.000000" m_tx="-2.000000" m_ty="3.000000"/>
   <element name="lureplant" layername="lureplant" frame="0" z_index="4" m_a="1.000000" m_b="0.000000" m_c="0.000000" m_d="1.000000" m_tx="1.686902" m_ty="-10.750905"/>
  </frame>
  <frame idx="50" w="196" h="180" x="-2.000000" y="-23.225456">
   <element name="base" layername="base" frame="0" z_index="5" m_a="1.000000" m_b="0.000000" m_c="0.000000" m_d="1.000000" m_tx="-2.000000" m_ty="3.000000"/>
   <element name="lureplant" layername="lureplant" frame="0" z_index="4" m_a="1.000000" m_b="0.000000" m_c="0.000000" m_d="1.000000" m_tx="1.686902" m_ty="-10.750905"/>
  </frame>
  <frame idx="75" w="196" h="180" x="-2.000000" y="-23.225456">
   <element name="base" layername="base" frame="0" z_index="5" m_a="1.000000" m_b="0.000000" m_c="0.000000" m_d="1.000000" m_tx="-2.000000" m_ty="3.000000"/>
   <element name="lureplant" layername="lureplant" frame="0" z_index="4" m_a="1.000000" m_b="0.000000" m_c="0.000000" m_d="1.000000" m_tx="1.686902" m_ty="-10.750905"/>
  </frame>
  <frame idx="100" w="196" h="180" x="-2.000000" y="-23.225456">
   <element name="base" layername="base" frame="0" z_index="5" m_a="1.000000" m_b="0.000000" m_c="0.000000" m_d="1.000000" m_tx="-2.000000" m_ty="3.000000"/>
   <element name="lureplant" layername="lureplant" frame="0" z_index="4" m_a="1.000000" m_b="0.000000" m_c="0.000000" m_d="1.000000" m_tx="1.686902" m_ty="-10.750905"/>
  </frame>
  <frame idx="125" w="196" h="180" x="-2.000000" y="-23.225456">
   <element name="base" layername="base" frame="0" z_index="5" m_a="1.000000" m_b="0.000000" m_c="0.000000" m_d="1.000000" m_tx="-2.000000" m_ty="3.000000"/>
   <element name="lureplant" layername="lureplant" frame="0" z_index="4" m_a="1.000000" m_b="0.000000" m_c="0.000000" m_d="1.000000" m_tx="1.686902" m_ty="-10.750905"/>
  </frame>
  <frame idx="150" w="196" h="180" x="-2.000000" y="-23.225456">
   <element name="base" layername="base" frame="0" z_index="5" m_a="1.000000" m_b="0.000000" m_c="0.000000" m_d="1.000000" m_tx="-2.000000" m_ty="3.000000"/>
   <element name="lureplant" layername="lureplant" frame="0" z_index="4" m_a="1.000000" m_b="0.000000" m_c="0.000000" m_d="1.000000" m_tx="1.686902" m_ty="-10.750905"/>
  </frame>
  <frame idx="175" w="196" h="180" x="-2.000000" y="-23.225456">
   <element name="base" layername="base" frame="0" z_index="5" m_a="1.000000" m_b="0.000000" m_c="0.000000" m_d="1.000000" m_tx="-2.000000" m_ty="3.000000"/>
   <element name="lureplant" layername="lureplant" frame="0" z_index="4" m_a="1.000000" m_b="0.000000" m_c="0.000000" m_d="1.000000" m_tx="1.686902" m_ty="-10.750905"/>
  </frame>
  <frame idx="200" w="196" h="180" x="-2.000000" y="-23.225456">
   <element name="base" layername="base" frame="0" z_index="5" m_a="1.000000" m_b="0.000000" m_c="0.000000" m_d="1.000000" m_tx="-2.000000" m_ty="3.000000"/>
   <element name="lureplant" layername="lureplant" frame="0" z_index="4" m_a="1.000000" m_b="0.000000" m_c="0.000000" m_d="1.000000" m_tx="1.686902" m_ty="-10.750905"/>
  </frame>
  <frame idx="225" w="196" h="180" x="-2.000000" y="-23.225456">
   <element name="base" layername="base" frame="0" z_index="5" m_a="1.000000" m_b="0.000000" m_c="0.000000" m_d="1.000000" m_tx="-2.000000" m_ty="3.000000"/>
   <element name="lureplant" layername="lureplant" frame="0" z_index="4" m_a="1.000000" m_b="0.000000" m_c="0.000000" m_d="1.000000" m_tx="1.686902" m_ty="-10.750905"/>
  </frame>
  <frame idx="250" w="196" h="180" x="-2.000000" y="-23.225456">
   <element name="base" layername="base" frame="0" z_index="5" m_a="1.000000" m_b="0.000000" m_c="0.000000" m_d="1.000000" m_tx="-2.000000" m_ty="3.000000"/>
   <element name="lureplant" layername="lureplant" frame="0" z_index="4" m_a="1.000000" m_b="0.000000" m_c="0.000000" m_d="1.000000" m_tx="1.686902" m_ty="-10.750905"/>
  </frame>
  <frame idx="275" w="196" h="180" x="-2.000000" y="-23.225456">
   <element name="base" layername="base" frame="0" z_index="5" m_a="1.000000" m_b="0.000000" m_c="0.000000" m_d="1.000000" m_tx="-2.000000" m_ty="3.000000"/>
   <element name="lureplant" layername="lureplant" frame="0" z_index="4" m_a="1.000000" m_b="0.000000" m_c="0.000000" m_d="1.000000" m_tx="1.686902" m_ty="-10.750905"/>
  </frame>
  <frame idx="300" w="196" h="180" x="-2.000000" y="-23.225456">
   <element name="base" layername="base" frame="0" z_index="5" m_a="1.000000" m_b="0.000000" m_c="0.000000" m_d="1.000000" m_tx="-2.000000" m_ty="3.000000"/>
   <element name="lureplant" layername="lureplant" frame="0" z_index="4" m_a="1.000000" m_b="0.000000" m_c="0.000000" m_d="1.000000" m_tx="1.686902" m_ty="-10.750905"/>
  </frame>
  <frame idx="325" w="196" h="180" x="-2.000000" y="-23.225456">
   <element name="base" layername="base" frame="0" z_index="5" m_a="1.000000" m_b="0.000000" m_c="0.000000" m_d="1.000000" m_tx="-2.000000" m_ty="3.000000"/>
   <element name="lureplant" layername="lureplant" frame="0" z_index="4" m_a="1.000000" m_b="0.000000" m_c="0.000000" m_d="1.000000" m_tx="1.686902" m_ty="-10.750905"/>
  </frame>
  <frame idx="350" w="196" h="180" x="-2.000000" y="-23.225456">
   <element name="base" layername="base" frame="0" z_index="5" m_a="1.000000" m_b="0.000000" m_c="0.000000" m_d="1.000000" m_tx="-2.000000" m_ty="3.000000"/>
   <element name="lureplant" layername="lureplant" frame="0" z_index="4" m_a="1.000000" m_b="0.000000" m_c="0.000000" m_d="1.000000" m_tx="1.686902" m_ty="-10.750905"/>
  </frame>
  <frame idx="375" w="196" h="180" x="-2.000000" y="-23.225456">
   <element name="base" layername="base" frame="0" z_index="5" m_a="1.000000" m_b="0.000000" m_c="0.000000" m_d="1.000000" m_tx="-2.000000" m_ty="3.000000"/>
   <element name="lureplant" layername="lureplant" frame="0" z_index="4" m_a="1.000000" m_b="0.000000" m_c="0.000000" m_d="1.000000" m_tx="1.686902" m_ty="-10.750905"/>
  </frame>
  <frame idx="400" w="196" h="180" x="-2.000000" y="-23.225456">
   <element name="base" layername="base" frame="0" z_index="5" m_a="1.000000" m_b="0.000000" m_c="0.000000" m_d="1.000000" m_tx="-2.000000" m_ty="3.000000"/>
   <element name="lureplant" layername="lureplant" frame="0" z_index="4" m_a="1.000000" m_b="0.000000" m_c="0.000000" m_d="1.000000" m_tx="1.686902" m_ty="-10.750905"/>
  </frame>
  <frame idx="425" w="196" h="180" x="-2.000000" y="-23.225456">
   <element name="base" layername="base" frame="0" z_index="5" m_a="1.000000" m_b="0.000000" m_c="0.000000" m_d="1.000000" m_tx="-2.000000" m_ty="3.000000"/>
   <element name="lureplant" layername="lureplant" frame="0" z_index="4" m_a="1.000000" m_b="0.000000" m_c="0.000000" m_d="1.000000" m_tx="1.686902" m_ty="-10.750905"/>
  </frame>
  <frame idx="450" w="196" h="180" x="-2.000000" y="-23.225456">
   <element name="base" layername="base" frame="0" z_index="5" m_a="1.000000" m_b="0.000000" m_c="0.000000" m_d="1.000000" m_tx="-2.000000" m_ty="3.000000"/>
   <element name="lureplant" layername="lureplant" frame="0" z_index="4" m_a="1.000000" m_b="0.000000" m_c="0.000000" m_d="1.000000" m_tx="1.686902" m_ty="-10.750905"/>
  </frame>
  <frame idx="475" w="196" h="180" x="-2.000000" y="-23.225456">
   <element name="base" layername="base" frame="0" z_index="5" m_a="1.000000" m_b="0.000000" m_c="0.000000" m_d="1.000000" m_tx="-2.000000" m_ty="3.000000"/>
   <element name="lureplant" layername="lureplant" frame="0" z_index="4" m_a="1.000000" m_b="0.000000" m_c="0.000000" m_d="1.000000" m_tx="1.686902" m_ty="-10.750905"/>
  </frame>
  <frame idx="500" w="196" h="180" x="-2.000000" y="-23.225456">
   <element name="base" layername="base" frame="0" z_index="5" m_a="1.000000" m_b="0.000000" m_c="0.000000" m_d="1.000000" m_tx="-2.000000" m_ty="3.000000"/>
   <element name="lureplant" layername="lureplant" frame="0" z_index="4" m_a="1.000000" m_b="0.000000" m_c="0.000000" m_d="1.000000" m_tx="1.686902" m_ty="-10.750905"/>
  </frame>
  <frame idx="525" w="196" h="180" x="-2.000000" y="-23.225456">
   <element name="base" layername="base" frame="0" z_index="5" m_a="1.000000" m_b="0.000000" m_c="0.000000" m_d="1.000000" m_tx="-2.000000" m_ty="3.000000"/>
   <element name="lureplant" layername="lureplant" frame="0" z_index="4" m_a="1.000000" m_b="0.000000" m_c="0.000000" m_d="1.000000" m_tx="1.686902" m_ty="-10.750905"/>
  </frame>
  <frame idx="550" w="196" h="180" x="-2.000000" y="-23.225456">
   <element name="base" layername="base" frame="0" z_index="5" m_a="1.000000" m_b="0.000000" m_c="0.000000" m_d="1.000000" m_tx="-2.000000" m_ty="3.000000"/>
   <element name="lureplant" layername="lureplant" frame="0" z_index="4" m_a="1.000000" m_b="0.000000" m_c="0.000000" m_d="1.000000" m_tx="1.686902" m_ty="-10.750905"/>
  </frame>
  <frame idx="575" w="196" h="180" x="-2.000000" y="-23.225456">
   <element name="base" layername="base" frame="0" z_index="5" m_a="1.000000" m_b="0.000000" m_c="0.000000" m_d="1.000000" m_tx="-2.000000" m_ty="3.000000"/>
   <element name="lureplant" layername="lureplant" frame="0" z_index="4" m_a="1.000000" m_b="0.000000" m_c="0.000000" m_d="1.000000" m_tx="1.686902" m_ty="-10.750905"/>
  </frame>
  <frame idx="600" w="196" h="180" x="-2.000000" y="-23.225456">
   <element name="base" layername="base" frame="0" z_index="5" m_a="1.000000" m_b="0.000000" m_c="0.000000" m_d="1.000000" m_tx="-2.000000" m_ty="3.000000"/>
   <element name="lureplant" layername="lureplant" frame="0" z_index="4" m_a="1.000000" m_b="0.000000" m_c="0.000000" m_d="1.000000" m_tx="1.686902" m_ty="-10.750905"/>
  </frame>
  <frame idx="625" w="196" h="180" x="-2.000000" y="-23.225456">
   <element name="base" layername="base" frame="0" z_index="5" m_a="1.000000" m_b="0.000000" m_c="0.000000" m_d="1.000000" m_tx="-2.000000" m_ty="3.000000"/>
   <element name="lureplant" layername="lureplant" frame="0" z_index="4" m_a="1.000000" m_b="0.000000" m_c="0.000000" m_d="1.000000" m_tx="1.686902" m_ty="-10.750905"/>
  </frame>
  <frame idx="650" w="196" h="180" x="-2.000000" y="-23.225456">
   <element name="base" layername="base" frame="0" z_index="5" m_a="1.000000" m_b="0.000000" m_c="0.000000" m_d="1.000000" m_tx="-2.000000" m_ty="3.000000"/>
   <element name="lureplant" layername="lureplant" frame="0" z_index="4" m_a="1.000000" m_b="0.000000" m_c="0.000000" m_d="1.000000" m_tx="1.686902" m_ty="-10.750905"/>
  </frame>
  <frame idx="675" w="196" h="180" x="-2.000000" y="-23.225456">
   <element name="base" layername="base" frame="0" z_index="5" m_a="1.000000" m_b="0.000000" m_c="0.000000" m_d="1.000000" m_tx="-2.000000" m_ty="3.000000"/>
   <element name="lureplant" layername="lureplant" frame="0" z_index="4" m_a="1.000000" m_b="0.000000" m_c="0.000000" m_d="1.000000" m_tx="1.686902" m_ty="-10.750905"/>
  </frame>
  <frame idx="700" w="196" h="180" x="-2.000000" y="-23.225456">
   <element name="base" layername="base" frame="0" z_index="5" m_a="1.000000" m_b="0.000000" m_c="0.000000" m_d="1.000000" m_tx="-2.000000" m_ty="3.000000"/>
   <element name="lureplant" layername="lureplant" frame="0" z_index="4" m_a="1.000000" m_b="0.000000" m_c="0.000000" m_d="1.000000" m_tx="1.686902" m_ty="-10.750905"/>
  </frame>
  <frame idx="725" w="196" h="180" x="-2.000000" y="-23.225456">
   <element name="base" layername="base" frame="0" z_index="5" m_a="1.000000" m_b="0.000000" m_c="0.000000" m_d="1.000000" m_tx="-2.000000" m_ty="3.000000"/>
   <element name="lureplant" layername="lureplant" frame="0" z_index="4" m_a="1.000000" m_b="0.000000" m_c="0.000000" m_d="1.000000" m_tx="1.686902" m_ty="-10.750905"/>
  </frame>
  <frame idx="750" w="196" h="180" x="-2.000000" y="-23.225456">
   <element name="base" layername="base" frame="0" z_index="5" m_a="1.000000" m_b="0.000000" m_c="0.000000" m_d="1.000000" m_tx="-2.000000" m_ty="3.000000"/>
   <element name="lureplant" layername="lureplant" frame="0" z_index="4" m_a="1.000000" m_b="0.000000" m_c="0.000000" m_d="1.000000" m_tx="1.686902" m_ty="-10.750905"/>
  </frame>
  <frame idx="775" w="196" h="180" x="-2.000000" y="-23.225456">
   <element name="base" layername="base" frame="0" z_index="5" m_a="1.000000" m_b="0.000000" m_c="0.000000" m_d="1.000000" m_tx="-2.000000" m_ty="3.000000"/>
   <element name="lureplant" layername="lureplant" frame="0" z_index="4" m_a="1.000000" m_b="0.000000" m_c="0.000000" m_d="1.000000" m_tx="1.686902" m_ty="-10.750905"/>
  </frame>
  <frame idx="800" w="196" h="180" x="-2.000000" y="-23.225456">
   <element name="base" layername="base" frame="0" z_index="5" m_a="1.000000" m_b="0.000000" m_c="0.000000" m_d="1.000000" m_tx="-2.000000" m_ty="3.000000"/>
   <element name="lureplant" layername="lureplant" frame="0" z_index="4" m_a="1.000000" m_b="0.000000" m_c="0.000000" m_d="1.000000" m_tx="1.686902" m_ty="-10.750905"/>
  </frame>
  <frame idx="825" w="196" h="180" x="-2.000000" y="-23.225456">
   <element name="base" layername="base" frame="0" z_index="5" m_a="1.000000" m_b="0.000000" m_c="0.000000" m_d="1.000000" m_tx="-2.000000" m_ty="3.000000"/>
   <element name="lureplant" layername="lureplant" frame="0" z_index="4" m_a="1.000000" m_b="0.000000" m_c="0.000000" m_d="1.000000" m_tx="1.686902" m_ty="-10.750905"/>
  </frame>
  <frame idx="850" w="196" h="180" x="-2.000000" y="-23.225456">
   <element name="base" layername="base" frame="0" z_index="5" m_a="1.000000" m_b="0.000000" m_c="0.000000" m_d="1.000000" m_tx="-2.000000" m_ty="3.000000"/>
   <element name="lureplant" layername="lureplant" frame="0" z_index="4" m_a="1.000000" m_b="0.000000" m_c="0.000000" m_d="1.000000" m_tx="1.686902" m_ty="-10.750905"/>
  </frame>
  <frame idx="875" w="196" h="180" x="-2.000000" y="-23.225456">
   <element name="base" layername="base" frame="0" z_index="5" m_a="1.000000" m_b="0.000000" m_c="0.000000" m_d="1.000000" m_tx="-2.000000" m_ty="3.000000"/>
   <element name="lureplant" layername="lureplant" frame="0" z_index="4" m_a="1.000000" m_b="0.000000" m_c="0.000000" m_d="1.000000" m_tx="1.686902" m_ty="-10.750905"/>
  </frame>
  <frame idx="900" w="196" h="180" x="-2.000000" y="-23.225456">
   <element name="base" layername="base" frame="0" z_index="5" m_a="1.000000" m_b="0.000000" m_c="0.000000" m_d="1.000000" m_tx="-2.000000" m_ty="3.000000"/>
   <element name="lureplant" layername="lureplant" frame="0" z_index="4" m_a="1.000000" m_b="0.000000" m_c="0.000000" m_d="1.000000" m_tx="1.686902" m_ty="-10.750905"/>
  </frame>
  <frame idx="925" w="196" h="180" x="-2.000000" y="-23.225456">
   <element name="base" layername="base" frame="0" z_index="5" m_a="1.000000" m_b="0.000000" m_c="0.000000" m_d="1.000000" m_tx="-2.000000" m_ty="3.000000"/>
   <element name="lureplant" layername="lureplant" frame="0" z_index="4" m_a="1.000000" m_b="0.000000" m_c="0.000000" m_d="1.000000" m_tx="1.686902" m_ty="-10.750905"/>
  </frame>
  <frame idx="950" w="196" h="180" x="-2.000000" y="-23.225456">
   <element name="base" layername="base" frame="0" z_index="5" m_a="1.000000" m_b="0.000000" m_c="0.000000" m_d="1.000000" m_tx="-2.000000" m_ty="3.000000"/>
   <element name="lureplant" layername="lureplant" frame="0" z_index="4" m_a="1.000000" m_b="0.000000" m_c="0.000000" m_d="1.000000" m_tx="1.686902" m_ty="-10.750905"/>
  </frame>
  <frame idx="975" w="196" h="180" x="-2.000000" y="-23.225456">
   <element name="base" layername="base" frame="0" z_index="5" m_a="1.000000" m_b="0.000000" m_c="0.000000" m_d="1.000000" m_tx="-2.000000" m_ty="3.000000"/>
   <element name="lureplant" layername="lureplant" frame="0" z_index="4" m_a="1.000000" m_b="0.000000" m_c="0.000000" m_d="1.000000" m_tx="1.686902" m_ty="-10.750905"/>
  </frame>
 </anim>
</Anims>
